exp_name,sim_id,exp,org,count_str_flip,mean_strategy_flip_time,std_strategy_flip_time,var_strategy_flip_time,mean_magnitude_of_strategy_flip,std_magnitude_of_strategy_flip,var_magnitude_of_strategy_flip
owl_exp_pure,06028c5bc0bb4674a7d322d9ac32ed5e,experiment1,krat,356,20.117977528089888,15.835514102295532,250.7635068840007,0.843390238993369,0.36010639354960106,0.12967661467530017
owl_exp_pure,06028c5bc0bb4674a7d322d9ac32ed5e,experiment1,snake,373,2.7935656836461127,1.4856884990598078,2.2072703162385845,0.8876743410340514,0.263518495705841,0.06944199757906934
owl_exp_pure,078a550708c94ad589f54acb02b8b55a,experiment1,krat,385,19.114285714285714,15.708524376759195,246.75773809523787,0.8054099653671294,0.3930757334550531,0.15450853223122793
owl_exp_pure,078a550708c94ad589f54acb02b8b55a,experiment1,snake,383,2.6736292428198434,1.282385350347779,1.6445121867865957,0.9097858876928238,0.21141909118763463,0.044698032118605374
owl_exp_pure,0ebf538877ac46fda69541db6a494fa0,experiment1,krat,372,18.3252688172043,13.519242796974734,182.76992580355324,0.8528479999614526,0.35139776493249025,0.12348038919954969
owl_exp_pure,0ebf538877ac46fda69541db6a494fa0,experiment1,snake,369,2.861788617886179,1.7476313313778606,3.054215270413554,0.910835397759428,0.2190064776836809,0.04796383726741262
owl_exp_pure,0feb5c4d7e414258b999b38f2bc555b2,experiment1,krat,358,20.988826815642458,17.085216905705963,291.9046367150208,0.8358721360146294,0.36712851909925887,0.13478334953601487
owl_exp_pure,0feb5c4d7e414258b999b38f2bc555b2,experiment1,snake,373,2.8150134048257374,1.7660446700753454,3.118913776701535,0.9097908231020653,0.22349144405212593,0.04994842556450454
owl_exp_pure,2a68b06a5ef84464b9296a73da1a347f,experiment1,krat,357,21.142857142857142,19.50033954513617,380.2632423756015,0.8023378416549651,0.3964625094727747,0.15718252141744998
owl_exp_pure,2a68b06a5ef84464b9296a73da1a347f,experiment1,snake,368,2.7581521739130435,1.3686600614107913,1.8732303637009913,0.9043855135255904,0.23130614067423982,0.053502530713611225
owl_exp_pure,2b7c78b0d74146fba551161984937574,experiment1,krat,382,18.86649214659686,13.99458004379913,195.8482706023009,0.806752595315916,0.39205952419170365,0.15371067050942505
owl_exp_pure,2b7c78b0d74146fba551161984937574,experiment1,snake,392,2.5943877551020407,1.0296222000505264,1.0601218748368864,0.8986595518286472,0.23091279974912987,0.05332072108798175
owl_exp_pure,2c93d576a70b4d8a9c08ad4c034e9b6a,experiment1,krat,382,20.717277486910994,19.617702245353943,384.8542413873651,0.7650143998293537,0.4211649035087499,0.17737987594753463
owl_exp_pure,2c93d576a70b4d8a9c08ad4c034e9b6a,experiment1,snake,383,2.7389033942558747,1.7619378457591268,3.1044249723183124,0.9100320923298097,0.2007131842013781,0.04028578231225634
owl_exp_pure,31301794120c4a448281830a59de5cca,experiment1,krat,377,19.084880636604776,14.726160307175414,216.85979739262868,0.8256824702937471,0.3767963933456681,0.14197552203830346
owl_exp_pure,31301794120c4a448281830a59de5cca,experiment1,snake,392,2.576530612244898,1.0008999551843922,1.0018007202881185,0.9244943318771326,0.19485505420863833,0.03796849215065139
owl_exp_pure,3bab65ace3684e1fb4329fe0e7432a5f,experiment1,krat,350,21.005714285714287,15.811568483626251,250.00569791240298,0.8376600012704737,0.3655256089200026,0.13360897077633865
owl_exp_pure,3bab65ace3684e1fb4329fe0e7432a5f,experiment1,snake,386,2.6243523316062176,1.0401437064586136,1.0818989300854625,0.9213849287722337,0.19282113107996535,0.037179988590957176
owl_exp_pure,3d15923d58a441198767799b5ccd2c7c,experiment1,krat,357,19.955182072829132,14.807878531714634,219.27326661001513,0.8439907046853512,0.35942472878517473,0.12918613566229642
owl_exp_pure,3d15923d58a441198767799b5ccd2c7c,experiment1,snake,384,2.7083333333333335,1.4926568155529019,2.22802436901653,0.9054137661398929,0.21983755476680045,0.048328550485845986
owl_exp_pure,3dcc712119af4139a0b6af0649d15396,experiment1,krat,353,21.504249291784703,16.722691750798457,279.6484193922228,0.8194310525530407,0.3817623264003682,0.1457424738586213
owl_exp_pure,3dcc712119af4139a0b6af0649d15396,experiment1,snake,374,2.713903743315508,1.178889035491483,1.3897793580020388,0.9299661949910794,0.17408937565013563,0.030307110714254036
owl_exp_pure,4435c8a3c7e948c2be4765768d5a7cc2,experiment1,krat,354,21.031073446327685,15.895610079755382,252.6704198076209,0.8140693176443048,0.38584025332245525,0.14887270108393644
owl_exp_pure,4435c8a3c7e948c2be4765768d5a7cc2,experiment1,snake,385,2.6805194805194805,1.38227610463222,1.9106872294372241,0.9102371572002564,0.22267415158078274,0.049583777782221415
owl_exp_pure,4e75b60dfd604f31a717da0f5046bfd3,experiment1,krat,359,20.87743732590529,17.022709711685845,289.77264592832364,0.8164594523452718,0.38367892927094277,0.1472095207664971
owl_exp_pure,4e75b60dfd604f31a717da0f5046bfd3,experiment1,snake,383,2.6736292428198434,1.1691985613196054,1.3670252757918353,0.9048324115121407,0.21525398686882227,0.046334278862923114
owl_exp_pure,51d8a0bb312d40ebac66514ae66807c9,experiment1,krat,371,19.204851752021565,15.667873074133308,245.4822466671515,0.8310257515395638,0.3721721015339896,0.1385120731602263
owl_exp_pure,51d8a0bb312d40ebac66514ae66807c9,experiment1,snake,380,2.6789473684210527,1.196776209395747,1.432273295375653,0.9300602036575847,0.1832184047728852,0.03356898384752081
owl_exp_pure,53a40099b72348838173ab0832b5beee,experiment1,krat,366,20.2896174863388,16.616652857361196,276.11315218205004,0.8121554894750048,0.3872903840656113,0.1499938415896887
owl_exp_pure,53a40099b72348838173ab0832b5beee,experiment1,snake,380,2.776315789473684,1.9451494656065647,3.783606443549504,0.9052515386081013,0.21955362902347786,0.04820379601737894
owl_exp_pure,54fd397a9ae44043bbfcf241bfea9be7,experiment1,krat,373,18.82573726541555,14.869112905893369,221.09051860820475,0.8289437660764037,0.37372864585151544,0.13967310073000744
owl_exp_pure,54fd397a9ae44043bbfcf241bfea9be7,experiment1,snake,377,2.7320954907161803,1.4066158692490416,1.9785682036232366,0.9024176947018128,0.23435127607746825,0.05492052059913774
owl_exp_pure,55156c59e4ba4848877301f067d0d234,experiment1,krat,339,20.896755162241888,16.26440066786502,264.530729084848,0.8452250693224326,0.35940683336922535,0.12917327187249414
owl_exp_pure,55156c59e4ba4848877301f067d0d234,experiment1,snake,363,2.87603305785124,1.696129398993685,2.876854938130679,0.901363096491876,0.23052230890787073,0.05314053490421578
owl_exp_pure,574219f5a52f4e21b9363e718865f442,experiment1,krat,356,20.26685393258427,14.43856815463599,208.47225035606854,0.8239552441626223,0.37829444403541773,0.14310668638806578
owl_exp_pure,574219f5a52f4e21b9363e718865f442,experiment1,snake,369,2.8780487804878048,1.5353729499506188,2.3573700954400656,0.8866019702461325,0.2568502512579761,0.06597205157128547
owl_exp_pure,5826fe708f0d4ac3aea50476f4a06181,experiment1,krat,385,18.784415584415584,13.367901786001157,178.70079816017292,0.8344056341318478,0.3689629113723577,0.13613362996836628
owl_exp_pure,5826fe708f0d4ac3aea50476f4a06181,experiment1,snake,389,2.61439588688946,1.2374726728560541,1.5313386160655067,0.9334997431348208,0.16718381448218367,0.027950427824813204
owl_exp_pure,5a1d8651bc26432791e0ffc1e3a909cd,experiment1,krat,373,20.25201072386059,14.972942531209274,224.18900804289555,0.8079430730598128,0.391001218809631,0.15288195311061695
owl_exp_pure,5a1d8651bc26432791e0ffc1e3a909cd,experiment1,snake,399,2.5388471177944862,0.9734514434470803,0.9476077127492043,0.926531740282556,0.18075578001375486,0.03267265200838094
owl_exp_pure,5b54d4fe000746148e0380b46ac6f886,experiment1,krat,358,19.578212290502794,17.604534529797373,309.91963601082796,0.8216246445612159,0.3792752653598524,0.14384972691378645
owl_exp_pure,5b54d4fe000746148e0380b46ac6f886,experiment1,snake,372,2.7795698924731185,1.2800824720554516,1.638611135263596,0.8935794680672632,0.2441229483194772,0.05959601389619414
owl_exp_pure,6fb26ec511c748ce9bc48ce6ccad346c,experiment1,krat,337,21.498516320474778,16.666034147952402,277.7566942207156,0.8163048971183381,0.3838174699311553,0.1473158502243533
owl_exp_pure,6fb26ec511c748ce9bc48ce6ccad346c,experiment1,snake,368,2.777173913043478,1.3488599090122386,1.8194230541405045,0.9331303025963192,0.18353504246182537,0.03368511181146404
owl_exp_pure,7bfb2aeef11c416ba0e6ce7a0c6a060c,experiment1,krat,358,22.150837988826815,18.714862856371205,350.24609173278265,0.8046147025955351,0.3927264874939363,0.15423409397932492
owl_exp_pure,7bfb2aeef11c416ba0e6ce7a0c6a060c,experiment1,snake,393,2.6106870229007635,1.0144807590432257,1.0291712104689195,0.9103813660186351,0.21378827419921595,0.04570542618507914
owl_exp_pure,7e3f3c6885df4fbbaac6639b36525245,experiment1,krat,347,20.579250720461093,15.78070185010937,249.03055088204528,0.8363064990866859,0.3665511384851313,0.13435973712474591
owl_exp_pure,7e3f3c6885df4fbbaac6639b36525245,experiment1,snake,379,2.7519788918205803,1.4734744741624441,2.1711270260082913,0.903183451244051,0.23372720973978495,0.05462840857274542
owl_exp_pure,838e118f3268491293c09003671458ff,experiment1,krat,337,23.00593471810089,17.3926972334727,302.50591705524886,0.8080819112964845,0.39121200512419096,0.15304683295329
owl_exp_pure,838e118f3268491293c09003671458ff,experiment1,snake,381,2.732283464566929,1.2923793982070717,1.6702445089100728,0.8914030554763009,0.2577273966156824,0.06642341096629727
owl_exp_pure,889fe5d217a343a588b092525fa3fe5f,experiment1,krat,343,20.854227405247812,13.941052945276024,194.35295722298932,0.8344016658594182,0.3689319060433804,0.13611075129680167
owl_exp_pure,889fe5d217a343a588b092525fa3fe5f,experiment1,snake,375,2.784,1.335952863493294,1.7847700534759319,0.9120128933804054,0.225242092403312,0.050734000190222145
owl_exp_pure,891361fe7b8d4a23bc0906f48df0e4c7,experiment1,krat,368,20.73641304347826,17.418821608442705,303.4153462267505,0.8210716322459474,0.3794882395469486,0.14401132395444224
owl_exp_pure,891361fe7b8d4a23bc0906f48df0e4c7,experiment1,snake,382,2.725130890052356,1.5438802595372165,2.3835662557887027,0.9068782935586308,0.2234649442151926,0.04993658129309914
owl_exp_pure,8e689eaef0bf43b68dbb2b166f4c120a,experiment1,krat,394,18.086294416243653,12.365826050781545,152.9136539181875,0.8378361382535632,0.3654056858186561,0.13352131522860244
owl_exp_pure,8e689eaef0bf43b68dbb2b166f4c120a,experiment1,snake,387,2.643410852713178,1.2579186461771075,1.5823593204000468,0.9206652648442666,0.18481127996124297,0.03415520920091293
owl_exp_pure,912475c5a67b4b85a467f1be28427c27,experiment1,krat,349,21.621776504297994,18.834432464511643,354.7358462602501,0.7947018902309582,0.4015445353896053,0.16123801390125395
owl_exp_pure,912475c5a67b4b85a467f1be28427c27,experiment1,snake,366,2.948087431693989,2.149236029416723,4.61921551014296,0.9134500998521032,0.2168950632475563,0.04704346846116145
owl_exp_pure,94e992a3684a4358ad038437ab57c0bd,experiment1,krat,358,20.0,15.357367596557632,235.84873949579833,0.8572349756723442,0.34527158628407395,0.11921246829512071
owl_exp_pure,94e992a3684a4358ad038437ab57c0bd,experiment1,snake,377,2.8037135278514587,1.6271261059069608,2.6475393645239502,0.9040090081477102,0.2331558339834804,0.05436164292053227
owl_exp_pure,96e3cdd4e39f4a81885736ad7ac03f09,experiment1,krat,337,21.979228486646885,19.861039166769405,394.4608767839484,0.8318136512209044,0.371241827610221,0.13782049456737705
owl_exp_pure,96e3cdd4e39f4a81885736ad7ac03f09,experiment1,snake,357,2.9159663865546217,1.852328470577481,3.4311207629119096,0.9147837947802453,0.21711016916130788,0.04713682555325172
owl_exp_pure,a204964b2e8f43f9b15af96dd0bdf3e7,experiment1,krat,363,20.308539944903583,16.70738113309322,279.13658432643933,0.8163774523019545,0.3844651941003007,0.1478134854745819
owl_exp_pure,a204964b2e8f43f9b15af96dd0bdf3e7,experiment1,snake,373,2.742627345844504,1.2392464598194028,1.5357317881749226,0.9124755791898119,0.21691718095292098,0.04705306339256227
owl_exp_pure,a3af2723b18041ecb3507d4116154106,experiment1,krat,350,20.365714285714287,15.24406865454541,232.38162914449393,0.8298132853388592,0.37360167538536054,0.1395782118507483
owl_exp_pure,a3af2723b18041ecb3507d4116154106,experiment1,snake,372,2.814516129032258,1.6353586390897106,2.67439787844535,0.9157779422205427,0.21182959489838418,0.04487177727481355
owl_exp_pure,b07663e1c8b44447b34e03042849bd6f,experiment1,krat,347,20.02593659942363,14.303357317458117,204.58603055088264,0.8503802674682309,0.3525460359986215,0.12428870749834131
owl_exp_pure,b07663e1c8b44447b34e03042849bd6f,experiment1,snake,365,2.8465753424657536,1.3742212771679474,1.8884841186211048,0.9186837373295371,0.208895156016813,0.04363718620728864
owl_exp_pure,b21c560d85fd47a8a6f3baefda9a2e3e,experiment1,krat,368,20.035326086956523,16.665857081588964,277.750792263949,0.813286718178869,0.3872897157950504,0.1499933239606109
owl_exp_pure,b21c560d85fd47a8a6f3baefda9a2e3e,experiment1,snake,384,2.703125,1.3863906309995164,1.9220789817232375,0.9115185365148402,0.21719190749217795,0.047172324680090784
owl_exp_pure,b54728320a044cb98627e6e696691c5e,experiment1,krat,341,23.070381231671554,20.24557401525511,409.88326720717293,0.8068389129760467,0.39117914832240186,0.1530211260822397
owl_exp_pure,b54728320a044cb98627e6e696691c5e,experiment1,snake,367,2.8419618528610355,1.6912130572752184,2.8602016050981915,0.913956330665111,0.21118401990930707,0.04459869026505461
owl_exp_pure,b852173059184d1d94cb06c069e28b4c,experiment1,krat,335,22.101492537313433,18.012848811794342,324.46272231656087,0.8061850782623738,0.3913850273081391,0.1531822396009928
owl_exp_pure,b852173059184d1d94cb06c069e28b4c,experiment1,snake,355,3.011267605633803,1.965777063169482,3.8642794620832333,0.9014740130654816,0.22591078828193073,0.05103568426216333
owl_exp_pure,c46ca58321d745338294b254c38c4c26,experiment1,krat,368,19.565217391304348,14.788281941672622,218.6932827864006,0.8272793335081771,0.37607029880573933,0.14142886964383805
owl_exp_pure,c46ca58321d745338294b254c38c4c26,experiment1,snake,388,2.7242268041237114,1.5597424653596157,2.432796558246092,0.9026909678194807,0.2261277293886453,0.0511337499984644
owl_exp_pure,c7157982b34242b0b93a8872e607a574,experiment1,krat,356,20.49438202247191,15.770268761188802,248.70137680012738,0.837847829407848,0.365679696900189,0.13372164072501408
owl_exp_pure,c7157982b34242b0b93a8872e607a574,experiment1,snake,377,2.6923076923076925,1.284427693884838,1.649754500818323,0.916590200972906,0.20713393832171292,0.04290446840466318
owl_exp_pure,ca54f3f46cd5418794ace373765d027c,experiment1,krat,378,18.09259259259259,13.259275244071057,175.80837999803558,0.8676859119788487,0.33402124062612343,0.11157018918941465
owl_exp_pure,ca54f3f46cd5418794ace373765d027c,experiment1,snake,382,2.7041884816753927,1.376187912943032,1.8938931717304985,0.9122389354866574,0.22123755563602282,0.04894605602380229
owl_exp_pure,d1313f3ad8154cb6a410d514d7df855f,experiment1,krat,367,21.555858310626704,17.636323429530794,311.0399041110168,0.7744947686640503,0.41546008503160303,0.1726070822544668
owl_exp_pure,d1313f3ad8154cb6a410d514d7df855f,experiment1,snake,391,2.6035805626598467,1.151982669042839,1.3270640697750633,0.9107539098129269,0.2139173189537408,0.04576061934835648
owl_exp_pure,d3ddd522d8ed479cbd00db368598efbd,experiment1,krat,358,20.712290502793294,16.05377569503921,257.72371406663166,0.8083755069215056,0.3913698642421642,0.15317037063693
owl_exp_pure,d3ddd522d8ed479cbd00db368598efbd,experiment1,snake,380,2.692105263157895,1.3424039357143245,1.802048326621308,0.912740078644201,0.20132376837550509,0.04053125971291402
owl_exp_pure,d81b0053395149adbe25aef12d1a599a,experiment1,krat,337,21.80415430267062,17.441660766952577,304.2115303094527,0.8077373338618139,0.39072403217732654,0.15266526932090851
owl_exp_pure,d81b0053395149adbe25aef12d1a599a,experiment1,snake,368,2.9565217391304346,1.9259481177110316,3.7092761521146653,0.8833574200899883,0.2568611591474769,0.06597765507858547
owl_exp_pure,efcdf4a4f5734b3cb127c6d13fbe29f6,experiment1,krat,366,20.434426229508198,17.748928289429486,315.0244554233103,0.8015097331687304,0.3959499781368775,0.15677638518659376
owl_exp_pure,efcdf4a4f5734b3cb127c6d13fbe29f6,experiment1,snake,385,2.664935064935065,1.2159707877699841,1.4785849567099556,0.8932817125529228,0.2443144912036708,0.059689570612108535
owl_exp_pure,f33f881c30d74af1b9fd37c724cdd2a9,experiment1,krat,370,18.513513513513512,14.512720561027557,210.61905808247198,0.8539337711834373,0.3478197498496756,0.1209785783854909
owl_exp_pure,f33f881c30d74af1b9fd37c724cdd2a9,experiment1,snake,375,2.776,1.6312325971780495,2.660919786096245,0.9051518864958404,0.22287491541463517,0.04967322792108078
owl_exp_pure,f44e36af6d1e4c03bb679a2add978bbf,experiment1,krat,349,19.9054441260745,15.227006375183768,231.86172314988713,0.8463206169066617,0.35727568558769823,0.1276459155121598
owl_exp_pure,f44e36af6d1e4c03bb679a2add978bbf,experiment1,snake,367,2.795640326975477,1.382633331867545,1.9116749303911489,0.9164266290508822,0.20835443494199135,0.04341157055999651
owl_exp_pure,f926900587a24d48a31acc3719048ff7,experiment1,krat,339,21.932153392330385,19.291399770687836,372.1581051124947,0.8001844684932171,0.39661132138232746,0.15730054024863582
owl_exp_pure,f926900587a24d48a31acc3719048ff7,experiment1,snake,369,2.823848238482385,1.5477456743787188,2.395516672558035,0.8949055111769403,0.2405930289843302,0.05788500559585475
owl_exp_pure,f976fffcc8a74119900c4c39f8ffbe39,experiment1,krat,379,18.593667546174142,12.731187470032756,162.08313439711904,0.8419920850790727,0.3615120825386143,0.13069098582140587
owl_exp_pure,f976fffcc8a74119900c4c39f8ffbe39,experiment1,snake,400,2.5825,1.2578350936458327,1.5821491228070208,0.9044384761713229,0.2214051276784251,0.04902023056229972
owl_exp_pure,fda0014aed2a4792be1c45631fb36be5,experiment1,krat,367,19.877384196185286,15.238135426650837,232.2007712809513,0.8374989815586452,0.3660113258900496,0.1339642906797921
owl_exp_pure,fda0014aed2a4792be1c45631fb36be5,experiment1,snake,389,2.634961439588689,1.0553795970503177,1.113826093870091,0.9166617739076766,0.2112164907434455,0.044612405961976
owl_exp_pure,ffe1cffcc47b497b8066b51aeac35570,experiment1,krat,352,19.93465909090909,15.71192745244561,246.86466427091395,0.8671013434510133,0.3361244660031136,0.11297965664587824
owl_exp_pure,ffe1cffcc47b497b8066b51aeac35570,experiment1,snake,378,2.804232804232804,1.7170646313726645,2.9483109483109446,0.9028579936253734,0.23085166928623307,0.053292493212240326
owl_exp_pure,0b27d8ca33624c9d852b18ca0d5206a1,experiment2,krat,285,34.45614035087719,34.73099347248601,1206.2419075858659,0.6252610217429614,0.4794960424463321,0.2299164547216947
owl_exp_pure,0b27d8ca33624c9d852b18ca0d5206a1,experiment2,snake,357,2.899159663865546,1.3495418988661982,1.821263336795384,0.8745994497512107,0.25440134548966786,0.06472004458695334
owl_exp_pure,0b8ec0ee5e5749f99a5469da8a8f3c49,experiment2,krat,297,31.552188552188554,32.15195346706188,1033.7481117481125,0.6796087482275619,0.4609993010048285,0.21252035552694049
owl_exp_pure,0b8ec0ee5e5749f99a5469da8a8f3c49,experiment2,snake,361,2.8282548476454292,1.1587251142647363,1.3426438904278262,0.8740857591014992,0.2514817996964802,0.0632430955785806
owl_exp_pure,0fb03c995a3e4c5fb3a98358c5668672,experiment2,krat,311,28.469453376205788,23.01580521511769,529.7272897002388,0.6920831639923973,0.45812465085696363,0.20987819572281483
owl_exp_pure,0fb03c995a3e4c5fb3a98358c5668672,experiment2,snake,357,2.8823529411764706,1.513106432915342,2.2894910773297905,0.8891662706304467,0.23820722639616873,0.056742682707355586
owl_exp_pure,17de9582720d406faa82b05e53379552,experiment2,krat,301,28.259136212624586,25.577450184059636,654.2059579180524,0.6911714840975763,0.4566191275550561,0.20850102764914064
owl_exp_pure,17de9582720d406faa82b05e53379552,experiment2,snake,345,3.1043478260869564,2.135145737537787,4.55884732052578,0.9104287390919393,0.22238346687281213,0.04945440633837113
owl_exp_pure,188384201cfb46dda7066718a3e84107,experiment2,krat,313,29.354632587859424,27.22765113782614,741.3449864831651,0.6424173647001971,0.47475261434538396,0.22539004482777686
owl_exp_pure,188384201cfb46dda7066718a3e84107,experiment2,snake,358,3.0027932960893855,1.898692758833804,3.6050341924479223,0.8705926642677205,0.2638954492832671,0.06964080815241738
owl_exp_pure,1919193ef4584ea6801ecbc93177c50e,experiment2,krat,283,31.59010600706714,28.351420111330388,803.8030223291493,0.7419945872379837,0.43205167189622545,0.18666864718832366
owl_exp_pure,1919193ef4584ea6801ecbc93177c50e,experiment2,snake,347,2.9452449567723344,1.5090858295600083,2.2773400409788183,0.8907480266134833,0.2536930509054664,0.06436016407772356
owl_exp_pure,208a4ea59a2946d58c922d01db1dd219,experiment2,krat,269,29.16728624535316,23.893066511219303,570.8786273095493,0.7629160440075845,0.4216222583668492,0.17776532875036213
owl_exp_pure,208a4ea59a2946d58c922d01db1dd219,experiment2,snake,349,2.997134670487106,1.6072725654436564,2.5833250996278325,0.870481100491424,0.26552663217491473,0.07050439239415246
owl_exp_pure,222543af53c64986934b86dba98ca334,experiment2,krat,316,26.99367088607595,22.60664232643732,511.06027727546734,0.6875906294584861,0.4592126893228478,0.21087629403512234
owl_exp_pure,222543af53c64986934b86dba98ca334,experiment2,snake,344,3.0,1.6554530441365916,2.740524781341108,0.8949608623244177,0.20875264944642352,0.04357766865090139
owl_exp_pure,2328b86a18ea4acabcc98ada8092280d,experiment2,krat,284,32.774647887323944,28.971508940065064,839.3483302642699,0.7109270612264298,0.44818207460178444,0.20086717199435947
owl_exp_pure,2328b86a18ea4acabcc98ada8092280d,experiment2,snake,338,3.0562130177514795,1.5843559687754563,2.5101838357944146,0.901050059726865,0.23518878661979445,0.055313765351691205
owl_exp_pure,2489df1c88cf44dc88ccad46ba59d8b7,experiment2,krat,288,32.62847222222222,30.110438217399388,906.6384896438256,0.7023185032683135,0.45307430396686316,0.2052763249150575
owl_exp_pure,2489df1c88cf44dc88ccad46ba59d8b7,experiment2,snake,346,3.0260115606936417,1.7217836184757527,2.9645388288514565,0.8996618687787721,0.23973198386083475,0.05747142408585153
owl_exp_pure,35a4e3068ef24b988427047ae9999fbf,experiment2,krat,299,34.11705685618729,33.809221122640125,1143.063432919575,0.6526479352379949,0.47151417151943387,0.2223256139436581
owl_exp_pure,35a4e3068ef24b988427047ae9999fbf,experiment2,snake,367,2.801089918256131,1.2506605511876472,1.5641518142969897,0.8853218865261466,0.25026999284379053,0.06263506931803096
owl_exp_pure,3cb5de10e73c4bfebe8a2a1d4b3f7671,experiment2,krat,268,31.29850746268657,26.605603265192343,707.8581251048134,0.7545439026546266,0.4259231264690443,0.18141050966116548
owl_exp_pure,3cb5de10e73c4bfebe8a2a1d4b3f7671,experiment2,snake,340,3.0441176470588234,1.5912168914255123,2.5319711955578708,0.8775471859665059,0.2575990452391403,0.06635726810811665
owl_exp_pure,487b6c08c5334b228c3668850257e5b4,experiment2,krat,295,30.52542372881356,32.2437337329431,1039.6583650409327,0.723114450494162,0.44250604153238093,0.19581159679265725
owl_exp_pure,487b6c08c5334b228c3668850257e5b4,experiment2,snake,343,3.072886297376093,1.8973495229345902,3.599935212180117,0.8798077394390853,0.25105203482499966,0.06302712418977285
owl_exp_pure,4990b24aa1cd467d9275883703328278,experiment2,krat,292,30.154109589041095,29.898112495934665,893.8971308195646,0.6916414404202568,0.4558288952616066,0.2077799817554167
owl_exp_pure,4990b24aa1cd467d9275883703328278,experiment2,snake,347,2.9538904899135447,1.5045809124393814,2.2637637220769213,0.8834242719016047,0.24497969213740275,0.06001504955973664
owl_exp_pure,499aa19b3f2d4d39aa9734ad3a820cd0,experiment2,krat,309,24.307443365695793,19.347958119074562,374.3434833774633,0.748007096807638,0.4303655832443864,0.18521453524128087
owl_exp_pure,499aa19b3f2d4d39aa9734ad3a820cd0,experiment2,snake,360,2.85,1.299131915007298,1.6877437325905291,0.8992978735418784,0.23687066784756572,0.05610771328655181
owl_exp_pure,4ab12e1e5fb94157802bf60ee6ee9e5f,experiment2,krat,280,37.19285714285714,37.835409715854986,1431.5182283666138,0.6119728326672027,0.4826002901919906,0.2329030400933935
owl_exp_pure,4ab12e1e5fb94157802bf60ee6ee9e5f,experiment2,snake,353,2.9206798866855523,1.5148685781836526,2.2948268091681614,0.8894147942397904,0.24893114613170983,0.06196671551444668
owl_exp_pure,55f8b107081d4d21a0dc371d9803c4c8,experiment2,krat,299,28.37123745819398,25.44567793643482,647.4825256447658,0.7097515354811669,0.4493768112899112,0.20193951852508846
owl_exp_pure,55f8b107081d4d21a0dc371d9803c4c8,experiment2,snake,358,2.9553072625698324,1.707853761641079,2.916764471151583,0.9011010838873197,0.232598977430438,0.05410228430168541
owl_exp_pure,56bfa21ea3044ec5a43fc109bde50d09,experiment2,krat,306,27.50653594771242,22.418850888796996,502.6048751741139,0.6966226638237508,0.45549265870154115,0.20747356213099863
owl_exp_pure,56bfa21ea3044ec5a43fc109bde50d09,experiment2,snake,349,2.9340974212034383,1.4096182746179973,1.9870236801370196,0.8935082315292908,0.24033928892441328,0.057762973800692605
owl_exp_pure,58b6fc124626471d97a8caea9900a54a,experiment2,krat,289,30.878892733564015,28.071137389234178,787.988754325261,0.709419026945961,0.44990358260843766,0.2024132336439073
owl_exp_pure,58b6fc124626471d97a8caea9900a54a,experiment2,snake,351,2.9572649572649574,1.6109970066115427,2.595311355311351,0.8773888359234151,0.2703022086065352,0.07306328397757088
owl_exp_pure,5ab8e49cd1d247c48249f4fcfabe1836,experiment2,krat,324,26.169753086419753,25.59736245484542,655.22496464473,0.7131876652041955,0.4477418392151733,0.2004727545837861
owl_exp_pure,5ab8e49cd1d247c48249f4fcfabe1836,experiment2,snake,371,2.776280323450135,1.2438293821972504,1.5471115320171935,0.8921208161487106,0.219368017891994,0.048122327273862196
owl_exp_pure,5f99b2fd6e4140b7bf78b82aabb9e22b,experiment2,krat,310,27.60322580645161,26.449083819065297,699.5540348679418,0.723057937265791,0.44416658676788284,0.1972839568010312
owl_exp_pure,5f99b2fd6e4140b7bf78b82aabb9e22b,experiment2,snake,361,2.8781163434903045,1.5208158621038244,2.312880886426598,0.8844237628590195,0.24551097135297137,0.060275637054679525
owl_exp_pure,61b5bdd5629d4ccf8781f087010e88b0,experiment2,krat,344,26.377906976744185,24.800244055804598,615.0521052274713,0.6802014489723603,0.4620500679062778,0.21349026525219592
owl_exp_pure,61b5bdd5629d4ccf8781f087010e88b0,experiment2,snake,365,2.8109589041095893,1.2923657542708193,1.670209242811984,0.8915642264401046,0.22216717109821552,0.04935825191378377
owl_exp_pure,62a573f479df408bb132fe1f965b5cbf,experiment2,krat,323,25.563467492260063,22.491506258533867,505.86785377766813,0.7372701888050426,0.43497090780050307,0.18919969063279377
owl_exp_pure,62a573f479df408bb132fe1f965b5cbf,experiment2,snake,356,2.9775280898876404,2.0472036749021023,4.1910428865326725,0.8845298499314515,0.24582889850475176,0.06043184734005954
owl_exp_pure,6760a11eb30f4d2197a0d5b30743745e,experiment2,krat,306,27.480392156862745,23.883486465492187,570.4209257473485,0.7286458456878753,0.43850915884093333,0.1922902823873829
owl_exp_pure,6760a11eb30f4d2197a0d5b30743745e,experiment2,snake,343,3.020408163265306,1.4718182481959685,2.16624895572265,0.8956803752115491,0.22879345991295993,0.0523464472989432
owl_exp_pure,6e3d655d102d431caa20b6b6abb81859,experiment2,krat,303,34.412541254125415,35.82127417130417,1283.1636832557433,0.644248177065316,0.4755662215346524,0.2261632310647461
owl_exp_pure,6e3d655d102d431caa20b6b6abb81859,experiment2,snake,357,2.9495798319327733,1.721552439076712,2.9637428004909765,0.8804758011806626,0.2562597858303898,0.06566907783383723
owl_exp_pure,752a9be6f39a45e29eff91ff2e68e98c,experiment2,krat,316,26.110759493670887,21.615626579796636,467.2353124372108,0.7033109304732054,0.45250574458107107,0.20476144887886955
owl_exp_pure,752a9be6f39a45e29eff91ff2e68e98c,experiment2,snake,351,2.9857549857549857,1.7654855867265964,3.116939356939354,0.88934923613385,0.24102449468380188,0.058092807037582045
owl_exp_pure,795303680a204349b782134115236146,experiment2,krat,300,29.65,26.706521568979763,713.2382943143814,0.7067644420429092,0.4506965333703343,0.20312736519203684
owl_exp_pure,795303680a204349b782134115236146,experiment2,snake,349,2.95702005730659,1.697153889401075,2.8803313243091964,0.8862862817716347,0.23555697720853705,0.05548708951162324
owl_exp_pure,7b92b57252354a069a7bfdd8833af94e,experiment2,krat,303,30.445544554455445,28.980745576834845,839.8836141892324,0.6766254352120976,0.46388547263339447,0.21518973172030778
owl_exp_pure,7b92b57252354a069a7bfdd8833af94e,experiment2,snake,349,2.945558739255014,1.4383555585373924,2.068866712775414,0.8955147096805828,0.23126328207168995,0.053482705634570034
owl_exp_pure,846b95fae7a943d1b48bb48538dcd4e3,experiment2,krat,313,27.808306709265175,24.707422480890585,610.4567256492176,0.6903742618055978,0.4575662325506294,0.20936685717057665
owl_exp_pure,846b95fae7a943d1b48bb48538dcd4e3,experiment2,snake,354,2.9322033898305087,1.4734408683451554,2.1710279925097256,0.886307603805419,0.23784317122278537,0.05656937409731119
owl_exp_pure,8aa317e3e2e54217bf41ab6c4b244d18,experiment2,krat,323,27.69659442724458,26.122874144769142,682.4045535834481,0.6690234502185409,0.4665352553889296,0.21765514452081378
owl_exp_pure,8aa317e3e2e54217bf41ab6c4b244d18,experiment2,snake,375,2.768,1.4225231781989944,2.023572192513368,0.8812736508329657,0.2449841428449458,0.0600172302454728
owl_exp_pure,902430d872a247c4b62372cbb69081b0,experiment2,krat,296,34.41216216216216,35.420176009296554,1254.588868529547,0.6552803586852654,0.4705282991920767,0.2213968803405885
owl_exp_pure,902430d872a247c4b62372cbb69081b0,experiment2,snake,368,2.785326086956522,1.2286772764973035,1.5096478497808314,0.8854602433536741,0.23994027337411925,0.057571334786847075
owl_exp_pure,91d9d0b74cb4425eb58a383268100ed6,experiment2,krat,306,28.76797385620915,25.97063449762347,674.4738562091504,0.6672951852991296,0.4665567388727028,0.2176751905875314
owl_exp_pure,91d9d0b74cb4425eb58a383268100ed6,experiment2,snake,352,2.8693181818181817,1.5096919898343177,2.279169904169902,0.9181029263568309,0.1790158952361793,0.032046690747210727
owl_exp_pure,9629fdbf42634c9da6b7f80a69412a4e,experiment2,krat,314,26.977707006369428,23.93460499216846,572.8653161311354,0.7067417210556275,0.44986952927366125,0.20238259336890554
owl_exp_pure,9629fdbf42634c9da6b7f80a69412a4e,experiment2,snake,351,2.8917378917378915,1.282727050228802,1.6453886853886837,0.911720935540377,0.21180877778100024,0.04486295834508114
owl_exp_pure,a01796962077408286b075d7a90d8650,experiment2,krat,313,28.261980830670925,24.915402864691703,620.7772999098876,0.6897528745385363,0.45731832120181887,0.20914004690684998
owl_exp_pure,a01796962077408286b075d7a90d8650,experiment2,snake,356,2.901685393258427,1.2952339380455247,1.6776309542649182,0.8723065972545414,0.2672206063793024,0.07140685247372207
owl_exp_pure,a166f874b95a4c6581fca2ff7fbd30f9,experiment2,krat,295,28.223728813559323,24.891822681129476,619.6028363887918,0.7319172074198919,0.43848765189557665,0.1922714208648964
owl_exp_pure,a166f874b95a4c6581fca2ff7fbd30f9,experiment2,snake,353,2.963172804532578,1.4326957728143526,2.0526171774401147,0.8573050914919623,0.2893628270149921,0.08373084565810826
owl_exp_pure,a1c0828a477f45998be64cb17645ed32,experiment2,krat,304,27.37828947368421,24.032259446297324,577.549494094147,0.6748783291491075,0.46445894207917354,0.21572210887730506
owl_exp_pure,a1c0828a477f45998be64cb17645ed32,experiment2,snake,349,3.002865329512894,1.8639017402559017,3.474129697328979,0.8753065149031495,0.26354866215652284,0.06945789732449302
owl_exp_pure,a69801abbb3b41ecae7a89b9d1819cdf,experiment2,krat,299,30.357859531772576,32.516526981623436,1057.3245269466447,0.7252067967200234,0.44117930152755386,0.1946391760963403
owl_exp_pure,a69801abbb3b41ecae7a89b9d1819cdf,experiment2,snake,355,2.9408450704225353,1.4159680030048498,2.0049653855335423,0.8773230144852471,0.2591153676859385,0.06714077377101911
owl_exp_pure,a8cd8fc689e1441ab3626ed9fac1afd9,experiment2,krat,291,34.171821305841924,35.3206693875095,1247.5496859817504,0.694582435651865,0.4556055652440693,0.2075764310813679
owl_exp_pure,a8cd8fc689e1441ab3626ed9fac1afd9,experiment2,snake,350,2.9657142857142857,1.534314824659755,2.354121981170695,0.8980031626307263,0.23240143947859257,0.05401042907172192
owl_exp_pure,a9a8320a240647acb885c7938b5878b2,experiment2,krat,297,30.134680134680135,26.86833593018882,721.9074756574755,0.6944437453834775,0.45689596512592046,0.2087539229483463
owl_exp_pure,a9a8320a240647acb885c7938b5878b2,experiment2,snake,338,3.2218934911242605,2.4472827468892153,5.989192843221623,0.881577976039028,0.24831364560665453,0.06165966659446722
owl_exp_pure,b29d4beb1e2a4bf29f0713d4e5b57f63,experiment2,krat,302,30.02317880794702,30.010565013890886,900.6340124529717,0.6916982049835807,0.45708264248062014,0.20892454205706643
owl_exp_pure,b29d4beb1e2a4bf29f0713d4e5b57f63,experiment2,snake,351,2.96011396011396,1.683059794745948,2.832690272690273,0.8910115825468948,0.2440261760022776,0.05954877457429457
owl_exp_pure,b30297e359fc4dcbb77124e574d0fe47,experiment2,krat,323,27.876160990712073,25.076593627308245,628.8355479491565,0.6808313785159128,0.46179299959348186,0.21325277447354551
owl_exp_pure,b30297e359fc4dcbb77124e574d0fe47,experiment2,snake,365,2.7726027397260276,1.0768875932306072,1.1596868884540097,0.9111796586454859,0.20028308901555333,0.04011331574561206
owl_exp_pure,b6301f2f678542b7aab1a7f1d43cf230,experiment2,krat,291,34.64604810996563,36.26181343561097,1314.919113639056,0.6156178823838653,0.4813877030022275,0.2317341206017608
owl_exp_pure,b6301f2f678542b7aab1a7f1d43cf230,experiment2,snake,349,2.977077363896848,1.6310709926542346,2.6603925830780706,0.8819873811290134,0.24203726614334506,0.05858203820214444
owl_exp_pure,bb1273a8e5ab48ae83c769c8e88658cb,experiment2,krat,299,28.54180602006689,24.164857965354074,583.9403604857362,0.6927814348674506,0.4568833121638467,0.208742360933807
owl_exp_pure,bb1273a8e5ab48ae83c769c8e88658cb,experiment2,snake,345,2.9855072463768115,1.375583952354928,1.892231209976405,0.8776891716747023,0.26582978609620217,0.0706654751759526
owl_exp_pure,c96bb9fd010844feba65aa0b4588a722,experiment2,krat,296,29.30743243243243,26.179240297185707,685.3526225377921,0.7167258724765122,0.44639892266029363,0.1992719981522708
owl_exp_pure,c96bb9fd010844feba65aa0b4588a722,experiment2,snake,357,2.9159663865546217,1.4196444716312793,2.015390425833254,0.8813116293961606,0.24910885909397873,0.062055223679103745
owl_exp_pure,ce23c04035384418bad8dba9fb8dd0f5,experiment2,krat,302,28.629139072847682,28.328546088862986,802.5065235088344,0.7056550454921069,0.4522926653598362,0.20456865513830477
owl_exp_pure,ce23c04035384418bad8dba9fb8dd0f5,experiment2,snake,338,3.07396449704142,2.089361840565906,4.36543290081295,0.9022431262792718,0.22157850215332967,0.04909703261651312
owl_exp_pure,d899732d1f164e0782c658aabb562e90,experiment2,krat,293,31.41296928327645,31.057449568298573,964.5651736874091,0.68626466036815,0.4596976878620846,0.21132196422574656
owl_exp_pure,d899732d1f164e0782c658aabb562e90,experiment2,snake,353,2.9688385269121813,1.716114486635064,2.9450489312387287,0.8801176803975618,0.25627224168856166,0.06567546186008055
owl_exp_pure,e59d4c50b7d041b6bf0d8e4c0b291bd4,experiment2,krat,318,27.4937106918239,27.090075674819644,733.872200067455,0.6904256073682241,0.4557135514143763,0.20767484094270341
owl_exp_pure,e59d4c50b7d041b6bf0d8e4c0b291bd4,experiment2,snake,364,2.793956043956044,1.11284350662564,1.2384206702388507,0.883124559788571,0.24136531076595535,0.05825721324114621
owl_exp_pure,eab2451337934df8975995944e4a9bb2,experiment2,krat,301,29.837209302325583,30.59003232295416,935.7500775193802,0.6850910345978086,0.4615454424234629,0.2130241954218701
owl_exp_pure,eab2451337934df8975995944e4a9bb2,experiment2,snake,355,2.983098591549296,1.601463482837627,2.5646852868624226,0.8528703991149093,0.29138340796317636,0.08490429043623487
owl_exp_pure,ec9381da4aa54384880a632fea40748c,experiment2,krat,301,30.691029900332225,29.12835192618643,848.4608859357687,0.6812748888155888,0.46179422675712106,0.21325390786620735
owl_exp_pure,ec9381da4aa54384880a632fea40748c,experiment2,snake,352,2.9517045454545454,1.390012172027223,1.9321338383838382,0.8811591331911027,0.2510388170682661,0.06302048767503436
owl_exp_pure,f0982cb0f9e744b7a7d1f19054054b93,experiment2,krat,297,30.791245791245792,26.528481458808162,703.7603285103285,0.6810782027750903,0.461322995031894,0.2128189057451969
owl_exp_pure,f0982cb0f9e744b7a7d1f19054054b93,experiment2,snake,344,2.988372093023256,1.5079512179511556,2.273916875720374,0.890037747535099,0.24177935679576534,0.058457257372574
owl_exp_pure,0c3229b28ce746cc95ee9cc5a18ca152,experiment3,krat,200,78.925,82.31310107170181,6775.446608040197,0.4278465560590982,0.4824393482955986,0.2327477247838819
owl_exp_pure,0c3229b28ce746cc95ee9cc5a18ca152,experiment3,snake,317,3.2996845425867507,1.4995041041622919,2.248512558399557,0.7930996461883025,0.3119277086736614,0.09729889543840058
owl_exp_pure,13d4a001b5f44bada0168e308bcf658d,experiment3,krat,188,108.56914893617021,140.58012161726217,19762.77059392422,0.35852628067104686,0.46383717291085225,0.21514492297393184
owl_exp_pure,13d4a001b5f44bada0168e308bcf658d,experiment3,snake,293,3.6928327645051193,2.5910508187266794,6.713544345224196,0.8017879214576102,0.31465736430662,0.09900925691238897
owl_exp_pure,1cbb578e52ec4f7396f912975153ce30,experiment3,krat,191,73.08900523560209,76.00109025918107,5776.1657205841875,0.4814962430374366,0.48215592957400705,0.23247434042337484
owl_exp_pure,1cbb578e52ec4f7396f912975153ce30,experiment3,snake,293,3.4982935153583616,1.7684924571758687,3.127565571087942,0.825831305971834,0.27640664031223905,0.07640063080869951
owl_exp_pure,1d8f846b93924521b477f61d7dc95693,experiment3,krat,241,60.33195020746888,63.553633648524325,4039.0643499308435,0.4749657739086062,0.4878955092147711,0.23804202791194076
owl_exp_pure,1d8f846b93924521b477f61d7dc95693,experiment3,snake,310,3.4483870967741934,2.1153424700338164,4.474673765528767,0.8513464644186424,0.26204299506592144,0.06866653126311853
owl_exp_pure,2e9cced3290e49659a79e4c2a8c049de,experiment3,krat,206,61.34466019417476,61.7791712127771,3816.6659957376264,0.5057084845395327,0.49398786000270545,0.24402400583005254
owl_exp_pure,2e9cced3290e49659a79e4c2a8c049de,experiment3,snake,287,3.797909407665505,2.735597214071997,7.4834921176384706,0.8691753173396826,0.2544925624508702,0.06476646434281007
owl_exp_pure,2ea6ea55ec3c4ff989a584e50ac1de20,experiment3,krat,202,53.113861386138616,47.098308384454846,2218.2506526772095,0.5452506120800485,0.4892369254181721,0.2393527691926261
owl_exp_pure,2ea6ea55ec3c4ff989a584e50ac1de20,experiment3,snake,301,3.504983388704319,2.116004509224035,4.477475083056451,0.851770662595602,0.27835406894147213,0.07748098769627382
owl_exp_pure,303d77fe9e7c4739a33ae704a469612b,experiment3,krat,231,52.81385281385281,59.594754498923315,3551.5347637869404,0.528489645344749,0.49226469015363006,0.2423245251720494
owl_exp_pure,303d77fe9e7c4739a33ae704a469612b,experiment3,snake,315,3.326984126984127,2.0341985658926562,4.13796380547974,0.833353649851409,0.28787748189088525,0.08287344457983695
owl_exp_pure,3473980263c44fa0b66fc49d78b02cf3,experiment3,krat,198,68.97474747474747,75.9982925849274,5775.74047582423,0.4101885030731221,0.46144668272215705,0.2129330409952831
owl_exp_pure,3473980263c44fa0b66fc49d78b02cf3,experiment3,snake,269,4.059479553903346,2.735237395313648,7.48152360872219,0.7773697422712341,0.32915322058713553,0.10834184262288352
owl_exp_pure,4d72387786634494a2db4a72b185ac9f,experiment3,krat,208,68.77884615384616,69.87144257528318,4882.018487551095,0.45128909723341837,0.48667125721544807,0.2368489125996648
owl_exp_pure,4d72387786634494a2db4a72b185ac9f,experiment3,snake,296,3.6722972972972974,2.7587843293236025,7.610890975721478,0.828981911085389,0.2818354804822173,0.07943123805864229
owl_exp_pure,4eb86c98daf04a8cb8fff0ab80e83555,experiment3,krat,236,52.96610169491525,56.4423158297736,3185.7350162279113,0.41905965862059047,0.45208119178955214,0.20437740396986184
owl_exp_pure,4eb86c98daf04a8cb8fff0ab80e83555,experiment3,snake,283,3.8303886925795054,2.4158597263038057,5.8363782171767,0.7548346077732654,0.3328568044242807,0.11079365225154382
owl_exp_pure,5058c455df444844952d28e7a897ca77,experiment3,krat,199,68.35678391959799,77.37439049683108,5986.796304756105,0.5002072325164597,0.473135328063868,0.22385703866210396
owl_exp_pure,5058c455df444844952d28e7a897ca77,experiment3,snake,282,3.9148936170212765,2.700966906616081,7.295222230635243,0.7651635743267329,0.3362105379206481,0.11303752580889154
owl_exp_pure,50beb7a8c549440a9012e6a0b5f6d1ab,experiment3,krat,197,55.558375634517766,52.092077949560405,2713.5845851030776,0.5105138991756915,0.4723967559527054,0.22315869503463992
owl_exp_pure,50beb7a8c549440a9012e6a0b5f6d1ab,experiment3,snake,287,3.7526132404181185,2.4015114268124544,5.767257133110791,0.7865985198022157,0.3156759320630126,0.09965129408385175
owl_exp_pure,51b149e16ae84cdc83b8be82a045223d,experiment3,krat,216,60.532407407407405,71.39030528763105,5096.575689061161,0.5326023712949302,0.48921316202403736,0.23932951789755705
owl_exp_pure,51b149e16ae84cdc83b8be82a045223d,experiment3,snake,300,3.6266666666666665,2.4069205312392903,5.793266443701228,0.8354140559638892,0.29094896972010253,0.08465130298118913
owl_exp_pure,5edfcb98885542a0ad531acc4b533e28,experiment3,krat,179,81.02793296089385,81.06859560208476,6572.117192894357,0.443574175949079,0.4783211611463327,0.228791133200376
owl_exp_pure,5edfcb98885542a0ad531acc4b533e28,experiment3,snake,281,3.9395017793594307,3.264512395360314,10.657041179461137,0.7990061365987077,0.2934276981029856,0.08609981401401685
owl_exp_pure,5f2a55ffc936450ab1890d9e284addb6,experiment3,krat,211,88.86729857819905,87.63338905865538,7679.61087790566,0.4006648767952084,0.47488033190206136,0.22551132962741194
owl_exp_pure,5f2a55ffc936450ab1890d9e284addb6,experiment3,snake,299,3.588628762541806,2.5026169777972713,6.263091737559147,0.820325900220222,0.26804917508651416,0.07185036026456074
owl_exp_pure,64297870e1b940d0a2b777894417d3e5,experiment3,krat,223,66.65470852017937,72.75017143585426,5292.587443946185,0.41013068732498215,0.4626993949767414,0.21409073011184254
owl_exp_pure,64297870e1b940d0a2b777894417d3e5,experiment3,snake,283,3.8763250883392226,2.8200594644979606,7.952735383304524,0.7699830037137956,0.30860981793206826,0.09524001972406433
owl_exp_pure,6491dcdcdefb4487b4891bdb8e4d15e1,experiment3,krat,221,69.06787330316742,66.11305681456344,4370.936281365693,0.4126387364452199,0.4745767764241198,0.22522311672110898
owl_exp_pure,6491dcdcdefb4487b4891bdb8e4d15e1,experiment3,snake,303,3.386138613861386,1.50476261816074,2.2643105370139653,0.8224822483266261,0.2928530104234813,0.08576288571409564
owl_exp_pure,65202c971d3943d99a0e4e323bfbc8dd,experiment3,krat,209,66.22488038277513,69.47718325734749,4827.0789933750475,0.42900422384596604,0.4665847225458075,0.2177013033131482
owl_exp_pure,65202c971d3943d99a0e4e323bfbc8dd,experiment3,snake,277,4.014440433212997,2.945115237446147,8.673703761837476,0.8092859625057655,0.3134584444664342,0.09825619640731663
owl_exp_pure,655a519a9da24fae899032b059b7bc04,experiment3,krat,216,59.495370370370374,56.15741974503751,3153.655792420329,0.4913089041059686,0.4860456353082851,0.23624035960223447
owl_exp_pure,655a519a9da24fae899032b059b7bc04,experiment3,snake,310,3.3193548387096774,1.7361414932790642,3.014187284685259,0.8411446780173539,0.2719015990883155,0.07393047958678306
owl_exp_pure,694fc44b64144039aec24e69349f1229,experiment3,krat,180,98.5,89.88680031855834,8079.63687150838,0.3525363418020386,0.4611035307059274,0.21261646602947215
owl_exp_pure,694fc44b64144039aec24e69349f1229,experiment3,snake,294,3.554421768707483,1.943422662219832,3.7768916440296194,0.8279436986356443,0.29944913700733666,0.0896697856544387
owl_exp_pure,6b0a5c363ee946dc8f3d43eb1405aa35,experiment3,krat,193,79.63730569948187,88.31697798858532,7799.888601036265,0.43512178171878096,0.47042542868207743,0.2213000839507163
owl_exp_pure,6b0a5c363ee946dc8f3d43eb1405aa35,experiment3,snake,289,3.7474048442906573,2.6500527730812022,7.02277970011537,0.7890213290170417,0.30589511670387276,0.09357182242327594
owl_exp_pure,6c5dcf3b499d4faaa564c578c5a990b9,experiment3,krat,214,59.25233644859813,62.71353658160029,3932.9876705717174,0.49451753854011893,0.4812918433644778,0.231641838489177
owl_exp_pure,6c5dcf3b499d4faaa564c578c5a990b9,experiment3,snake,291,3.6013745704467355,2.0692822761826224,4.281929138523534,0.83958538641888,0.27400513451960823,0.07507881374310861
owl_exp_pure,6c6b7eef191747bd8bc4fca323049c09,experiment3,krat,240,51.94583333333333,60.83258788064689,3700.6037482566267,0.4238127481139509,0.44971490326572106,0.20224349421929685
owl_exp_pure,6c6b7eef191747bd8bc4fca323049c09,experiment3,snake,281,3.804270462633452,2.3741426087302964,5.636553126588698,0.7569733542787038,0.3418956767972779,0.11689265381266871
owl_exp_pure,70d89d39980b4c3d9a9de7e205deea0c,experiment3,krat,195,77.71282051282051,107.58496804968215,11574.52535025113,0.4639581059661791,0.47893644554101983,0.22938011886746626
owl_exp_pure,70d89d39980b4c3d9a9de7e205deea0c,experiment3,snake,297,3.6296296296296298,2.106344389383342,4.436686686686683,0.7891371310606624,0.32174088357702835,0.10351719616492691
owl_exp_pure,7196ef6db62048149fc4af6953399475,experiment3,krat,194,83.57731958762886,95.89964908887222,9196.742695368832,0.4729957733553196,0.4722544755061017,0.22302428963554324
owl_exp_pure,7196ef6db62048149fc4af6953399475,experiment3,snake,287,3.5226480836236935,1.6232605401833184,2.634974781316239,0.8364748423885717,0.2819353926317592,0.07948756561842422
owl_exp_pure,75abb927583b4d2b910af35a29a53ca1,experiment3,krat,227,61.82378854625551,61.26588475767674,3753.508635140927,0.45291590351759187,0.4847389554860545,0.2349718549657111
owl_exp_pure,75abb927583b4d2b910af35a29a53ca1,experiment3,snake,297,3.5117845117845117,1.8800236792362588,3.5344890344890394,0.8370267093781744,0.24626239483988374,0.06064516711227479
owl_exp_pure,75c7c05f2104414fbcd8eca6bca16f1c,experiment3,krat,214,63.08878504672897,58.56801804299082,3430.2127374840984,0.45500196178591495,0.4824282390597703,0.23273700584231088
owl_exp_pure,75c7c05f2104414fbcd8eca6bca16f1c,experiment3,snake,284,3.732394366197183,2.465064719246559,6.0765440700741165,0.8321067898051078,0.27466639384931046,0.07544162791018454
owl_exp_pure,7cc6cdaf8d49411eb36afb55b4c6b858,experiment3,krat,206,74.25728155339806,89.38601855197491,7989.860312574005,0.43928357832767456,0.4683335156664249,0.21933628189647347
owl_exp_pure,7cc6cdaf8d49411eb36afb55b4c6b858,experiment3,snake,272,4.040441176470588,2.6412531599279947,6.976218254829617,0.7663655725350834,0.3250408934929,0.10565158244266276
owl_exp_pure,7d353232ba3a4cb0a239dcad4bb6e2d8,experiment3,krat,213,87.28169014084507,91.59455107051511,8389.561785809201,0.4033783262493982,0.47774787133183044,0.2282430285620952
owl_exp_pure,7d353232ba3a4cb0a239dcad4bb6e2d8,experiment3,snake,304,3.5,2.008233875904406,4.033003300330033,0.8456721979757684,0.27072195039436914,0.07329037442533128
owl_exp_pure,887e479be7c242bb927b7ddc06d0667f,experiment3,krat,187,73.66844919786097,79.13909912266925,6262.9970099476695,0.49034829146649545,0.48868144163807165,0.238809551401464
owl_exp_pure,887e479be7c242bb927b7ddc06d0667f,experiment3,snake,277,3.8736462093862816,2.5570148025511426,6.538324700465658,0.839748527685369,0.2569093480397503,0.06600241311020955
owl_exp_pure,891b8dc79a7449aba1da8e9b2c7215c1,experiment3,krat,202,78.23267326732673,98.08322347956083,9620.318728141472,0.45280948188078696,0.4839842212607077,0.2342407264293337
owl_exp_pure,891b8dc79a7449aba1da8e9b2c7215c1,experiment3,snake,296,3.510135135135135,1.913351478422529,3.660913879981677,0.8396265474863688,0.281397563419794,0.07918458869859699
owl_exp_pure,8dfbfd5480034578863ef3153ed669b9,experiment3,krat,195,81.39487179487179,89.0045346600992,7921.807190060799,0.44141712688118767,0.47884008408234824,0.22928782612399032
owl_exp_pure,8dfbfd5480034578863ef3153ed669b9,experiment3,snake,292,3.6952054794520546,2.1680856741095704,4.7005954902791505,0.7922913747697008,0.3088003799842452,0.09535767467841423
owl_exp_pure,8f8734f8e91e4a81aea023d6b2f8f739,experiment3,krat,198,70.22727272727273,87.15744469710141,7596.4201661282905,0.44406128632979824,0.4657248275194967,0.21689961496806495
owl_exp_pure,8f8734f8e91e4a81aea023d6b2f8f739,experiment3,snake,276,3.9347826086956523,2.5774025592772984,6.643003952569168,0.7874357406355077,0.32402480477537293,0.10499207410971853
owl_exp_pure,9257f235c254435a8f2f7356858ca0f2,experiment3,krat,204,80.32843137254902,71.62597827624937,5130.280764029747,0.40122732346711215,0.4772586709498433,0.22777583899681084
owl_exp_pure,9257f235c254435a8f2f7356858ca0f2,experiment3,snake,310,3.4064516129032256,1.8925737144537897,3.581835264641415,0.7995021365654361,0.30067425507502576,0.09040500766492165
owl_exp_pure,951f2cb8c7ad4cffb8b59aa94e0a7166,experiment3,krat,209,78.49760765550239,103.68128514095463,10749.80888847994,0.47085883762399866,0.47854303181755475,0.22900343330113723
owl_exp_pure,951f2cb8c7ad4cffb8b59aa94e0a7166,experiment3,snake,293,3.83617747440273,3.616048948201921,13.075809995792222,0.7798306155044226,0.30154953521201044,0.09093212218657953
owl_exp_pure,9cc83b53023a4c3fba41d0833dde731a,experiment3,krat,228,57.28508771929825,49.453153612230984,2445.6144021949144,0.43436046699122044,0.4625009810337303,0.21390715745716293
owl_exp_pure,9cc83b53023a4c3fba41d0833dde731a,experiment3,snake,274,3.9416058394160585,2.300713134729625,5.293280928317417,0.8065164430273015,0.2941515132256221,0.08652511273292333
owl_exp_pure,9f454a562b5145b2aa1d09c36715cf1e,experiment3,krat,204,90.30392156862744,103.13029581834826,10635.85791558002,0.34337158449533295,0.447226033954444,0.2000111254466215
owl_exp_pure,9f454a562b5145b2aa1d09c36715cf1e,experiment3,snake,286,3.7937062937062938,2.6916561596636046,7.245012881855025,0.775037792363699,0.3100274043648814,0.0961169914572257
owl_exp_pure,a20007c4ad2f4af596be1d6bc22de06c,experiment3,krat,192,88.6875,92.53784424656243,8563.252617801047,0.3534244879078384,0.4562418269303626,0.20815660464075492
owl_exp_pure,a20007c4ad2f4af596be1d6bc22de06c,experiment3,snake,281,3.7793594306049823,2.487339574652794,6.186858159633943,0.7939173955477818,0.2966220114407102,0.0879846176711328
owl_exp_pure,a354ec88a7d249c08ae7aa6ebcaf9feb,experiment3,krat,226,61.43805309734513,63.344337035089,4012.505034414947,0.50482251409742,0.49253201796970836,0.24258778872531314
owl_exp_pure,a354ec88a7d249c08ae7aa6ebcaf9feb,experiment3,snake,305,3.554098360655738,2.393355232014077,5.728149266609157,0.8294225570927051,0.29503130898807145,0.08704347328321489
owl_exp_pure,afe94d67e857456080c5e12885a27b49,experiment3,krat,203,72.15270935960591,81.00508069904426,6561.8230990586735,0.48282878986312744,0.4751755512798389,0.2257918045340988
owl_exp_pure,afe94d67e857456080c5e12885a27b49,experiment3,snake,287,3.658536585365854,1.9864370406997136,3.945932116663836,0.7978517061884071,0.3090378925677167,0.09550441904269562
owl_exp_pure,b0638734efee4328b64a00c2a066d4f0,experiment3,krat,216,55.59722222222222,52.22625011955562,2727.5812015503834,0.4424860195333358,0.47511390671121784,0.2257332243503958
owl_exp_pure,b0638734efee4328b64a00c2a066d4f0,experiment3,snake,295,3.593220338983051,2.0793661062127944,4.323763403666558,0.7590937482483586,0.3223676773919291,0.10392091942706688
owl_exp_pure,ba314de3ff324bf1a08c1fae577d121b,experiment3,krat,252,53.773809523809526,71.40201284849164,5098.247438816165,0.4302926327176159,0.44198391159873884,0.19534977811212179
owl_exp_pure,ba314de3ff324bf1a08c1fae577d121b,experiment3,snake,260,4.365384615384615,3.2704884109402452,10.696094446094449,0.749553896045229,0.3521339982095023,0.12399835269500976
owl_exp_pure,bc793cabbb4f44b1929d75648a0def6a,experiment3,krat,187,73.70053475935829,76.60094997679141,5867.705537346901,0.46274163357536024,0.479642710132482,0.23005712938323217
owl_exp_pure,bc793cabbb4f44b1929d75648a0def6a,experiment3,snake,291,3.5670103092783507,2.0640129134261507,4.2601493067899066,0.8079561252594416,0.3040774020796903,0.09246306645553364
owl_exp_pure,c608292c6e5e4e3998258351584d4498,experiment3,krat,241,51.07883817427386,64.22329218161069,4124.631258644537,0.45989780674094966,0.45366233147386764,0.20580951099830536
owl_exp_pure,c608292c6e5e4e3998258351584d4498,experiment3,snake,273,3.970695970695971,2.560851742330454,6.5579616461969215,0.7482062422845455,0.3282918777697753,0.1077755570096051
owl_exp_pure,e1b7413843684dd48686caad550c19db,experiment3,krat,201,81.51741293532338,87.21571501325687,7606.580945273639,0.4550171774927834,0.4807232017924436,0.23109479674157843
owl_exp_pure,e1b7413843684dd48686caad550c19db,experiment3,snake,295,3.6440677966101696,2.329657297681289,5.427303124639686,0.8186138009848021,0.28887537401873,0.08344898171446113
owl_exp_pure,e3baef43d5cc479c9e698e6c0013e9ad,experiment3,krat,194,87.98453608247422,94.23014911986259,8879.321003151541,0.37881501004918305,0.47217397314669735,0.22294826091713804
owl_exp_pure,e3baef43d5cc479c9e698e6c0013e9ad,experiment3,snake,288,3.892361111111111,3.201514882304668,10.249697541618273,0.8085455731302515,0.2945907175493676,0.08678369086625129
owl_exp_pure,e64efb50829b4413a65861649d0dbcd6,experiment3,krat,211,72.72511848341232,73.82276255206945,5449.800270819228,0.4576621272507365,0.4837729132640263,0.23403623160796316
owl_exp_pure,e64efb50829b4413a65861649d0dbcd6,experiment3,snake,289,3.6228373702422147,2.00337326062229,4.0135044213763855,0.8458160060960717,0.26723615730678396,0.07141516377209617
owl_exp_pure,ebf4e686ee4549f1a6d691b3abd18324,experiment3,krat,224,51.8125,50.11646189989103,2511.659753363229,0.48119846058937005,0.45535741635436777,0.20735037662892505
owl_exp_pure,ebf4e686ee4549f1a6d691b3abd18324,experiment3,snake,246,4.512195121951219,3.3082848473430655,10.94474863115973,0.7465914304354233,0.3334403327216138,0.1111824554855005
owl_exp_pure,f1aa5c052b6c48f7813d0cf56e7b08cd,experiment3,krat,223,62.47533632286996,64.75677342393048,4193.439704278269,0.476204414317046,0.492413222487055,0.24247078168008593
owl_exp_pure,f1aa5c052b6c48f7813d0cf56e7b08cd,experiment3,snake,321,3.289719626168224,1.8792086721928591,3.5314252336448484,0.8435991126099704,0.2880985566735591,0.08300077835738794
owl_exp_pure,ff3ecb2037b04444a71d9104fc1a1cbc,experiment3,krat,193,107.14507772020725,127.00828257571423,16131.103842832475,0.38450561052169646,0.4754530846061854,0.2260556356615365
owl_exp_pure,ff3ecb2037b04444a71d9104fc1a1cbc,experiment3,snake,300,3.43,1.9211287791174114,3.690735785953156,0.845643682121761,0.2512719284630752,0.0631375820335528
owl_exp_pure,036dc3a66dad4be4a7ddb0b8177210b9,experiment4,krat,5,1333.2,1623.5758990573863,2635998.7,0.019533231861999095,0.013488099468498658,0.00018192882727211378
owl_exp_pure,036dc3a66dad4be4a7ddb0b8177210b9,experiment4,snake,3,513.0,443.59553649693095,196777.0,0.013257575757575801,0.0016795311606632168,2.8208249196387323e-06
owl_exp_pure,04f751c8535e46eb8f818a04e165343a,experiment4,krat,5,1285.8,1685.2113220602334,2839937.1999999997,0.019658461305707947,0.011827733461499866,0.00013989527883628359
owl_exp_pure,04f751c8535e46eb8f818a04e165343a,experiment4,snake,11,183.0,151.55922934615364,22970.2,0.028635658914728725,0.019193263669129875,0.00036838137027274084
owl_exp_pure,0720bde65e364cbba1f6bd56a36046bf,experiment4,krat,3,1445.3333333333333,2491.27363678367,6206444.333333334,0.004947827364914503,0.004947827364914503,2.4480995632996796e-05
owl_exp_pure,0720bde65e364cbba1f6bd56a36046bf,experiment4,snake,6,374.6666666666667,254.36797492346923,64703.06666666667,0.007559659522723772,0.008307349107100405,6.90120491872419e-05
owl_exp_pure,09e6fff54a844851a5a8b57b43957c6d,experiment4,krat,6,854.5,762.4740651327099,581366.7,0.03407632412081805,0.03687104784983774,0.001359474169545024
owl_exp_pure,09e6fff54a844851a5a8b57b43957c6d,experiment4,snake,10,110.0,109.80184171699692,12056.444444444445,0.03074751580849138,0.011397910992871137,0.0001299123750014127
owl_exp_pure,0a898c6a1490419d9a0b85c22beaace6,experiment4,krat,1,1.0,nan,nan,nan,nan,nan
owl_exp_pure,0a898c6a1490419d9a0b85c22beaace6,experiment4,snake,12,163.08333333333334,230.2312901620824,53006.44696969697,0.031137610201678347,0.020381187344331145,0.00041539279756472406
owl_exp_pure,25286e60e3474f5886be648175c63bf7,experiment4,krat,0,nan,nan,nan,0,0,0
owl_exp_pure,25286e60e3474f5886be648175c63bf7,experiment4,snake,6,318.8333333333333,251.2301070068368,63116.566666666666,0.036364159234025605,0.02641695370708797,0.0006978554431624289
owl_exp_pure,26188be73cd643dfbf6f832612ae2bec,experiment4,krat,7,3659.4285714285716,1884.126044717007,3549930.952380953,0.01740097755554883,0.012940989403761417,0.00016746920674826527
owl_exp_pure,26188be73cd643dfbf6f832612ae2bec,experiment4,snake,9,111.88888888888889,159.40235604002567,25409.11111111111,0.03867097278804839,0.013830830156636081,0.00019129186282171407
owl_exp_pure,288dc5138b24408594717ca6e178557e,experiment4,krat,6,1067.5,1091.7898607332825,1192005.1,0.027981480495982168,0.01909570884524807,0.0003646460963024854
owl_exp_pure,288dc5138b24408594717ca6e178557e,experiment4,snake,9,229.33333333333334,179.56127087988656,32242.249999999996,0.021357774616526465,0.010521520013872961,0.00011070238340232929
owl_exp_pure,2db879b7d63b4f589f709be16b2d7715,experiment4,krat,0,nan,nan,nan,0,0,0
owl_exp_pure,2db879b7d63b4f589f709be16b2d7715,experiment4,snake,11,133.72727272727272,109.0193477407482,11885.218181818182,0.027434668751176207,0.025656878768767565,0.0006582754281552358
owl_exp_pure,331cb68095a9463bb9020dd0b30714e8,experiment4,krat,1,1.0,nan,nan,nan,nan,nan
owl_exp_pure,331cb68095a9463bb9020dd0b30714e8,experiment4,snake,6,188.5,182.71371048719908,33384.3,0.036787022501308185,0.01825126911751196,0.0003331088243998458
owl_exp_pure,42f90b6a8e634f338923458666203dd1,experiment4,krat,1,1.0,nan,nan,nan,nan,nan
owl_exp_pure,42f90b6a8e634f338923458666203dd1,experiment4,snake,9,138.33333333333334,167.2206625988547,27962.75,0.02556818181818181,0.023545649496461044,0.0005543976102101963
owl_exp_pure,4483f89553b14510899a3d8d368477b0,experiment4,krat,1,1.0,nan,nan,nan,nan,nan
owl_exp_pure,4483f89553b14510899a3d8d368477b0,experiment4,snake,10,120.0,154.54305405146994,23883.555555555555,0.029504395668622705,0.02104476148813741,0.00044288198609259154
owl_exp_pure,4c8a4b644f714c909e4719b7ccbdeaf3,experiment4,krat,11,1427.090909090909,1349.8921034323785,1822208.690909091,0.02959527868259666,0.026308449512753206,0.0006921345157650845
owl_exp_pure,4c8a4b644f714c909e4719b7ccbdeaf3,experiment4,snake,7,241.85714285714286,240.45957981292725,57820.80952380953,0.02932859274209872,0.016319460659685866,0.00026632479622303463
owl_exp_pure,524cf389298b4153ae13fc0f7f223305,experiment4,krat,4,1057.5,1806.4422677369644,3263233.6666666665,0.030606461364065713,0.00676341296122395,4.5743754884052124e-05
owl_exp_pure,524cf389298b4153ae13fc0f7f223305,experiment4,snake,5,318.0,299.33092055449265,89599.0,0.05914387031408311,0.03632323940549349,0.0013193777209087954
owl_exp_pure,74b83647574c428dac7d8c2232c1d3ec,experiment4,krat,20,1223.2,1216.0240042644587,1478714.3789473684,0.032739799952318974,0.028470873330010377,0.0008105906281734961
owl_exp_pure,74b83647574c428dac7d8c2232c1d3ec,experiment4,snake,7,265.0,243.0301764527744,59063.666666666664,0.03183105002716474,0.009114929297544486,8.308193609923483e-05
owl_exp_pure,7515470c55a24c51aa6aae69279a776b,experiment4,krat,4,1124.25,982.9206054746571,966132.9166666666,0.019422486984636333,0.009727994922498767,9.46338852121618e-05
owl_exp_pure,7515470c55a24c51aa6aae69279a776b,experiment4,snake,9,111.55555555555556,88.15485113014358,7771.277777777778,0.021134098905932153,0.014688270937066306,0.00021574530312066668
owl_exp_pure,7c90abd4e30d432da73c4735d0c6101c,experiment4,krat,3,154.66666666666666,138.53639714289287,19192.333333333332,0.014300127713920807,0.00555172413793098,3.0821640903685485e-05
owl_exp_pure,7c90abd4e30d432da73c4735d0c6101c,experiment4,snake,4,232.75,303.5768710996717,92158.91666666667,0.03213139231056376,0.016711833435795145,0.0002792853767857606
owl_exp_pure,815b295900d34f91aaeb94be67021536,experiment4,krat,1,1.0,nan,nan,nan,nan,nan
owl_exp_pure,815b295900d34f91aaeb94be67021536,experiment4,snake,12,261.3333333333333,238.12423546365773,56703.15151515151,0.018994660180912934,0.0179529957639046,0.0003223100568987765
owl_exp_pure,81d37d1f96754ca797f7e151317f2d10,experiment4,krat,0,nan,nan,nan,0,0,0
owl_exp_pure,81d37d1f96754ca797f7e151317f2d10,experiment4,snake,6,323.5,283.5311270389902,80389.9,0.018850319759910784,0.005844561382788646,3.4158897757184335e-05
owl_exp_pure,8702cfdb3e8646e7a877900cbed1e872,experiment4,krat,4,2727.0,2464.9915483289865,6076183.333333333,0.03494435288612189,0.002918405959144222,8.517093342368508e-06
owl_exp_pure,8702cfdb3e8646e7a877900cbed1e872,experiment4,snake,9,177.55555555555554,165.93606533173485,27534.777777777777,0.027172751817379964,0.025199229805454575,0.0006350011827881101
owl_exp_pure,8dd3285b769448f8a2b882d4c5ef71f9,experiment4,krat,3,1481.3333333333333,2562.2806898022186,6565282.333333334,0.030303030303030276,0.026607538802660535,0.000707961121135086
owl_exp_pure,8dd3285b769448f8a2b882d4c5ef71f9,experiment4,snake,3,388.6666666666667,350.44875992551795,122814.33333333333,0.049860853432282026,0.011363636363636409,0.0001291322314049597
owl_exp_pure,8e46940f80714d46b81b49b6af9e0d54,experiment4,krat,2,2548.0,3602.0019433642733,12974418.0,0.005844155844155763,0.0,0.0
owl_exp_pure,8e46940f80714d46b81b49b6af9e0d54,experiment4,snake,4,302.25,317.9888624884002,101116.91666666667,0.04773374773374776,0.018317023121439124,0.0003355133360313355
owl_exp_pure,8ec70d98a17449e9a68defa73785c79c,experiment4,krat,3,1955.3333333333333,1880.4638612143901,3536144.3333333335,0.015218972536045705,0.010702260702260602,0.00011453838413915159
owl_exp_pure,8ec70d98a17449e9a68defa73785c79c,experiment4,snake,8,120.375,131.4457383974739,17277.98214285714,0.04453821439884155,0.026678346346678605,0.0007117341637933396
owl_exp_pure,934015d9f5df4e788490826a7b88cdb3,experiment4,krat,1,1.0,nan,nan,nan,nan,nan
owl_exp_pure,934015d9f5df4e788490826a7b88cdb3,experiment4,snake,7,102.57142857142857,70.76688760255308,5007.952380952381,0.024583817266744024,0.017941722779973947,0.0003219054163134361
owl_exp_pure,965f421384e241b3a53dc45f06576b48,experiment4,krat,5,597.8,619.0571056049675,383231.69999999995,0.016600938167389306,0.008059975820475816,6.49632102266548e-05
owl_exp_pure,965f421384e241b3a53dc45f06576b48,experiment4,snake,9,73.11111111111111,52.823868763193694,2790.361111111111,0.042800839066082966,0.035536775886351235,0.0012628624403967547
owl_exp_pure,9aa86ff73d784c87aee1040b86150fa9,experiment4,krat,0,nan,nan,nan,0,0,0
owl_exp_pure,9aa86ff73d784c87aee1040b86150fa9,experiment4,snake,10,489.0,298.34729948687504,89011.11111111111,0.01870181119727548,0.017008018153185058,0.0002892726814990725
owl_exp_pure,9f05f94d2cc3434491068c5722e1d856,experiment4,krat,0,nan,nan,nan,0,0,0
owl_exp_pure,9f05f94d2cc3434491068c5722e1d856,experiment4,snake,4,173.75,212.21588850350798,45035.583333333336,0.039896526237989595,0.010301895613315142,0.00010612905322764175
owl_exp_pure,a49d47291c2b4cbdb976572a3eb3f7b6,experiment4,krat,1,1.0,nan,nan,nan,nan,nan
owl_exp_pure,a49d47291c2b4cbdb976572a3eb3f7b6,experiment4,snake,7,113.85714285714286,107.51500448996033,11559.47619047619,0.007643202208419593,0.009480756131773306,8.988473683015715e-05
owl_exp_pure,a5bc727287fe420b82f6fb664c9200d7,experiment4,krat,2,14.5,19.091883092036785,364.5,0.018719838786657728,0.0,0.0
owl_exp_pure,a5bc727287fe420b82f6fb664c9200d7,experiment4,snake,10,241.1,287.6430851670946,82738.54444444444,0.03834397912824435,0.02018348592344195,0.0004073731040217793
owl_exp_pure,b01e27a0e9b0479ea4173048fb9b1729,experiment4,krat,9,2139.0,1801.554606444112,3245599.0,0.01792770182307271,0.009479172332993183,8.985470811858342e-05
owl_exp_pure,b01e27a0e9b0479ea4173048fb9b1729,experiment4,snake,13,126.84615384615384,140.77040772942195,19816.307692307695,0.02304410264887276,0.017103055533398324,0.00029251450857850707
owl_exp_pure,b1c4db3e8ea04a13858de6748b4069bf,experiment4,krat,5,2330.2,1794.5079269816558,3220258.6999999997,0.024429910116657128,0.015978718119598966,0.00025531943274560026
owl_exp_pure,b1c4db3e8ea04a13858de6748b4069bf,experiment4,snake,9,129.11111111111111,112.53493284803217,12664.111111111111,0.02641443701226312,0.01896294500941805,0.00035959328343021296
owl_exp_pure,ba6326e6f1f74c198443d75c45ad8228,experiment4,krat,1,1.0,nan,nan,nan,nan,nan
owl_exp_pure,ba6326e6f1f74c198443d75c45ad8228,experiment4,snake,8,111.375,78.29237784466268,6129.696428571428,0.019114382105920234,0.017375119313068187,0.0003018947711433551
owl_exp_pure,bb4f15c0d2684ff49a9509df604ffeac,experiment4,krat,14,2598.3571428571427,1676.0050306121884,2808992.862637363,0.016383736357454673,0.011218508313972064,0.00012585492879066033
owl_exp_pure,bb4f15c0d2684ff49a9509df604ffeac,experiment4,snake,4,302.0,203.19612857204407,41288.666666666664,0.022398003128899984,0.0027498696707110486,7.5617832058964905e-06
owl_exp_pure,bc17086aa25f4b1dafcaf77c6d78bc7b,experiment4,krat,1,1.0,nan,nan,nan,nan,nan
owl_exp_pure,bc17086aa25f4b1dafcaf77c6d78bc7b,experiment4,snake,5,261.0,216.20938925032834,46746.5,0.012820512820512692,0.008948885295458137,8.008254803126686e-05
owl_exp_pure,bdf8d3d815a84dc4a49f58fd525ab0af,experiment4,krat,1,1.0,nan,nan,nan,nan,nan
owl_exp_pure,bdf8d3d815a84dc4a49f58fd525ab0af,experiment4,snake,10,94.7,137.1787560488544,18818.01111111111,0.040338762585556055,0.021892513595350615,0.00047928215152261155
owl_exp_pure,c0ed569d6ab04566bbaa5033b03bec31,experiment4,krat,3,703.0,1214.16802791047,1474204.0,0.026040755285651473,0.004454471826911888,1.984231925675173e-05
owl_exp_pure,c0ed569d6ab04566bbaa5033b03bec31,experiment4,snake,2,145.0,203.64675298172568,41472.0,0.0008684324793747367,0.0,0.0
owl_exp_pure,c56ca062e98045788674c1e8561a49f9,experiment4,krat,2,1822.0,2575.282897081406,6632082.0,0.009619084263178035,0.0,0.0
owl_exp_pure,c56ca062e98045788674c1e8561a49f9,experiment4,snake,8,325.75,330.7984928277982,109427.64285714286,0.03240187517235038,0.024340725284715543,0.0005924709073859906
owl_exp_pure,c66eb8b0c5864daaa19b2f55a79f3c42,experiment4,krat,10,984.6,1032.2872339292653,1065616.9333333336,0.018381235447416717,0.016734492220072145,0.0002800432298636552
owl_exp_pure,c66eb8b0c5864daaa19b2f55a79f3c42,experiment4,snake,9,140.77777777777777,168.10173837424895,28258.19444444444,0.01903011204481793,0.015512171196480287,0.00024062745522891263
owl_exp_pure,d023cdc4070342e295f58cf4f39b2b83,experiment4,krat,2,579.5,818.1225458328355,669324.5,0.016571969696969613,0.0,0.0
owl_exp_pure,d023cdc4070342e295f58cf4f39b2b83,experiment4,snake,2,2.0,1.4142135623730951,2.0,0.045454545454545414,0.0,0.0
owl_exp_pure,d18f2c433e8645818cacd1253b3213a9,experiment4,krat,2,151.0,212.13203435596427,45000.0,0.016029729879638355,0.0,0.0
owl_exp_pure,d18f2c433e8645818cacd1253b3213a9,experiment4,snake,4,345.5,375.7521346135863,141189.66666666666,0.029584784598318963,0.009170924351490528,8.410585346076198e-05
owl_exp_pure,e0d8e7e8f30443a7a0011e1ebcd65994,experiment4,krat,2,2144.5,3031.366770946729,9189184.5,0.027467218771566437,0.0,0.0
owl_exp_pure,e0d8e7e8f30443a7a0011e1ebcd65994,experiment4,snake,8,73.125,108.23577108727568,11714.982142857143,0.0412205141796979,0.016306950713094643,0.00026591664155929787
owl_exp_pure,e5b678fcffa9402f8b5d1d70564ab003,experiment4,krat,2,811.0,1145.512985522207,1312200.0,0.022955115060378173,0.0,0.0
owl_exp_pure,e5b678fcffa9402f8b5d1d70564ab003,experiment4,snake,9,286.3333333333333,321.57775109606075,103412.25,0.013488611216919688,0.009535744140324995,9.093041630974247e-05
owl_exp_pure,e635325140734b6aa0ac1227228687a5,experiment4,krat,2,276.0,388.90872965260115,151250.0,0.005729166666666785,0.0,0.0
owl_exp_pure,e635325140734b6aa0ac1227228687a5,experiment4,snake,8,127.125,119.55445561392874,14293.267857142857,0.03732430368949012,0.01727197613254529,0.0002983211595232141
owl_exp_pure,e8f95924de804fb8b465a9473054af2c,experiment4,krat,2,2774.5,3922.3213152417793,15384604.5,0.001272958719767403,0.0,0.0
owl_exp_pure,e8f95924de804fb8b465a9473054af2c,experiment4,snake,4,247.25,247.09832725725468,61057.583333333336,0.023361823361823315,0.002068106799497355,4.2770657341271935e-06
owl_exp_pure,e9a0181e5acd4677b3aa088cfa63a3a3,experiment4,krat,0,nan,nan,nan,0,0,0
owl_exp_pure,e9a0181e5acd4677b3aa088cfa63a3a3,experiment4,snake,3,290.0,256.5794224017195,65833.0,0.03125,0.03125,0.0009765625
owl_exp_pure,ebcd3edf807848d39baa52e1cae2c2fb,experiment4,krat,5,1836.8,2282.304142746974,5208912.199999999,0.024498769120128328,0.0069675800072374686,4.854717115725529e-05
owl_exp_pure,ebcd3edf807848d39baa52e1cae2c2fb,experiment4,snake,10,394.2,287.13519850798895,82446.62222222223,0.017181358036852834,0.014163341067681665,0.000200600230199478
owl_exp_pure,ebd02b83a59d4cbe933bac25274bd148,experiment4,krat,8,1274.75,2058.7051929376803,4238267.071428572,0.026147233671175774,0.02406938020341337,0.0005793350633764675
owl_exp_pure,ebd02b83a59d4cbe933bac25274bd148,experiment4,snake,8,380.625,286.5149896352969,82090.83928571429,0.018679207638816395,0.015816389895830094,0.00025015818933691626
owl_exp_pure,f2e402121c434642951167d86f369238,experiment4,krat,0,nan,nan,nan,0,0,0
owl_exp_pure,f2e402121c434642951167d86f369238,experiment4,snake,11,133.0909090909091,157.64165347106362,24850.890909090904,0.012071864514242869,0.01688480417764333,0.00028509661211736166
owl_exp_pure,f9cc6f215ddb43b0b3b3f7fb34255b8a,experiment4,krat,1,1.0,nan,nan,nan,nan,nan
owl_exp_pure,f9cc6f215ddb43b0b3b3f7fb34255b8a,experiment4,snake,4,137.5,234.0890144083371,54797.666666666664,0.036320653341929986,0.011465839373811173,0.0001314654725460386
owl_exp_pure,ff76c46fd0f84f8c82a46948ad562bb0,experiment4,krat,1,1.0,nan,nan,nan,nan,nan
owl_exp_pure,ff76c46fd0f84f8c82a46948ad562bb0,experiment4,snake,8,285.75,195.06903539882637,38051.92857142857,0.034511669639763425,0.014856924105320357,0.0002207281938712491
owl_exp_pure,07346fe674c64604b54c0041862d4969,experiment5,krat,0,nan,nan,nan,0,0,0
owl_exp_pure,07346fe674c64604b54c0041862d4969,experiment5,snake,24,70.75,89.77956095469276,8060.369565217391,0.051524650750900944,0.02852554495595119,0.0008137067150339924
owl_exp_pure,1075ed2e96ca46a08bdf8b3690135b1f,experiment5,krat,0,nan,nan,nan,0,0,0
owl_exp_pure,1075ed2e96ca46a08bdf8b3690135b1f,experiment5,snake,17,128.88235294117646,128.17121476414917,16427.860294117647,0.042182248504868486,0.022922483846290333,0.0005254402656834413
owl_exp_pure,11cdb29d3f5541dea81c95e9f842933c,experiment5,krat,0,nan,nan,nan,0,0,0
owl_exp_pure,11cdb29d3f5541dea81c95e9f842933c,experiment5,snake,12,236.0,319.9488595498861,102367.27272727272,0.02597883597883599,0.01997119636806895,0.0003988486843719705
owl_exp_pure,177cf717ffa145d287fb5562b0c1f370,experiment5,krat,0,nan,nan,nan,0,0,0
owl_exp_pure,177cf717ffa145d287fb5562b0c1f370,experiment5,snake,12,72.25,80.38218368858522,6461.295454545455,0.055611324159711255,0.02837136393202334,0.000804934291363315
owl_exp_pure,17d9631b992f428a99b4331c2dad96e2,experiment5,krat,0,nan,nan,nan,0,0,0
owl_exp_pure,17d9631b992f428a99b4331c2dad96e2,experiment5,snake,14,163.64285714285714,178.7501940366272,31951.631868131873,0.03197997775305894,0.02956965762142362,0.000874364651848216
owl_exp_pure,181ea3f5155b439e87df94038b8b33b4,experiment5,krat,0,nan,nan,nan,0,0,0
owl_exp_pure,181ea3f5155b439e87df94038b8b33b4,experiment5,snake,17,78.05882352941177,64.67850356594076,4183.308823529412,0.033507704493087556,0.02206103580651042,0.0004866893008561348
owl_exp_pure,1dd2995d21394bad881d106257e005c3,experiment5,krat,0,nan,nan,nan,0,0,0
owl_exp_pure,1dd2995d21394bad881d106257e005c3,experiment5,snake,23,88.30434782608695,82.54168907153893,6813.130434782608,0.029890419702391438,0.01870675027462237,0.00034994250583708414
owl_exp_pure,21198ed5d5e04309a208f6434701f82a,experiment5,krat,0,nan,nan,nan,0,0,0
owl_exp_pure,21198ed5d5e04309a208f6434701f82a,experiment5,snake,14,112.21428571428571,119.19355853234853,14207.104395604394,0.03725964579380136,0.029126146840384556,0.0008483324297676432
owl_exp_pure,25dbc88e4cfa4a82a88d127d1a3461ba,experiment5,krat,0,nan,nan,nan,0,0,0
owl_exp_pure,25dbc88e4cfa4a82a88d127d1a3461ba,experiment5,snake,12,104.58333333333333,134.03761909752552,17966.083333333336,0.02824976284375619,0.028153916746889846,0.0007926430281908046
owl_exp_pure,28217931470248c2bb252360845a7e50,experiment5,krat,0,nan,nan,nan,0,0,0
owl_exp_pure,28217931470248c2bb252360845a7e50,experiment5,snake,12,156.58333333333334,187.7059878607709,35233.53787878787,0.02869383490073146,0.024108969488654115,0.000581242409804855
owl_exp_pure,2a9e96b94ec44bd683c8e2eb22bca50d,experiment5,krat,0,nan,nan,nan,0,0,0
owl_exp_pure,2a9e96b94ec44bd683c8e2eb22bca50d,experiment5,snake,16,169.4375,173.10650623243484,29965.8625,0.034273772204806686,0.025477800863394143,0.0006491183368347674
owl_exp_pure,2d9f91f0d81046c1860eed49642849e9,experiment5,krat,0,nan,nan,nan,0,0,0
owl_exp_pure,2d9f91f0d81046c1860eed49642849e9,experiment5,snake,18,102.33333333333333,117.54098158915117,13815.882352941177,0.04249439239297247,0.03051666303006628,0.0009312667224906139
owl_exp_pure,2e0e2d14ea4e479a94ce72216996acdc,experiment5,krat,0,nan,nan,nan,0,0,0
owl_exp_pure,2e0e2d14ea4e479a94ce72216996acdc,experiment5,snake,14,189.42857142857142,180.62741690082305,32626.263736263732,0.033100437529818616,0.027728492637732003,0.0007688693039607579
owl_exp_pure,30dc1d6efbcd454e982bc8299a86d132,experiment5,krat,0,nan,nan,nan,0,0,0
owl_exp_pure,30dc1d6efbcd454e982bc8299a86d132,experiment5,snake,16,51.3125,62.64366820889934,3924.2291666666665,0.03945796305586056,0.026244538528047045,0.0006887758025501458
owl_exp_pure,36af39f3339444199e7346dab062ea28,experiment5,krat,0,nan,nan,nan,0,0,0
owl_exp_pure,36af39f3339444199e7346dab062ea28,experiment5,snake,18,62.55555555555556,68.51124615472413,4693.7908496732025,0.04158001230401934,0.02787599504758486,0.0007770710998929757
owl_exp_pure,36b148ec04fc45cf9bfacc47a704f95b,experiment5,krat,0,nan,nan,nan,0,0,0
owl_exp_pure,36b148ec04fc45cf9bfacc47a704f95b,experiment5,snake,20,116.9,135.0067834553041,18226.83157894737,0.03561688915057123,0.022497874013055922,0.0005061543351073369
owl_exp_pure,37ed1582f59445a396ba0529411ad02a,experiment5,krat,0,nan,nan,nan,0,0,0
owl_exp_pure,37ed1582f59445a396ba0529411ad02a,experiment5,snake,31,54.193548387096776,57.02421670064904,3251.761290322581,0.03506510793502377,0.029169654779164594,0.0008508687599356398
owl_exp_pure,582ab7a53291471f873ede0d934ff58c,experiment5,krat,0,nan,nan,nan,0,0,0
owl_exp_pure,582ab7a53291471f873ede0d934ff58c,experiment5,snake,18,65.38888888888889,81.20789507321453,6594.722222222222,0.04148369025029366,0.021552086988885607,0.0004644924535764923
owl_exp_pure,5bd7440e80d34b79a4c81e94c530320a,experiment5,krat,0,nan,nan,nan,0,0,0
owl_exp_pure,5bd7440e80d34b79a4c81e94c530320a,experiment5,snake,15,157.73333333333332,124.20401803177745,15426.638095238097,0.0216736132684408,0.017718914939511245,0.0003139599466336348
owl_exp_pure,5c5a7a1d36e74bd4b9a2b06b63855b0e,experiment5,krat,0,nan,nan,nan,0,0,0
owl_exp_pure,5c5a7a1d36e74bd4b9a2b06b63855b0e,experiment5,snake,21,45.333333333333336,49.4543560602434,2445.7333333333327,0.03444079244601065,0.018873061245682637,0.00035619244078328793
owl_exp_pure,6047dfcec4fd47f894fb70ade0f3583f,experiment5,krat,0,nan,nan,nan,0,0,0
owl_exp_pure,6047dfcec4fd47f894fb70ade0f3583f,experiment5,snake,27,80.33333333333333,102.21997396264135,10448.923076923076,0.03473422288353057,0.02431009382034712,0.0005909806615540793
owl_exp_pure,616a0d6707af4197b0d3e747f5dca192,experiment5,krat,0,nan,nan,nan,0,0,0
owl_exp_pure,616a0d6707af4197b0d3e747f5dca192,experiment5,snake,18,327.22222222222223,284.26718077428404,80807.83006535948,0.03518148133068207,0.030988160994929743,0.0009602661218476851
owl_exp_pure,6543bf5c387a48ada2da9857fcc8d99e,experiment5,krat,0,nan,nan,nan,0,0,0
owl_exp_pure,6543bf5c387a48ada2da9857fcc8d99e,experiment5,snake,17,64.88235294117646,70.3676793287774,4951.610294117647,0.03150795774609812,0.02900241246942748,0.0008411399290468027
owl_exp_pure,663e6d7ad0dc42528447be436e3752eb,experiment5,krat,0,nan,nan,nan,0,0,0
owl_exp_pure,663e6d7ad0dc42528447be436e3752eb,experiment5,snake,19,81.26315789473684,80.46037127076434,6473.871345029241,0.023189289967963805,0.018960285505391063,0.00035949242644594246
owl_exp_pure,677c74da41da47ac938efd1c2e29da03,experiment5,krat,0,nan,nan,nan,0,0,0
owl_exp_pure,677c74da41da47ac938efd1c2e29da03,experiment5,snake,16,96.9375,99.34416188181368,9869.2625,0.04040797414453325,0.030387093760995933,0.0009233754672395581
owl_exp_pure,67b708d9301d41de91e18dac9b2fa232,experiment5,krat,0,nan,nan,nan,0,0,0
owl_exp_pure,67b708d9301d41de91e18dac9b2fa232,experiment5,snake,25,75.84,72.50096551081234,5256.389999999999,0.034373583817410285,0.022359838044515783,0.0004999623573769754
owl_exp_pure,6a86519b5b654ec28b6a6d7077de6884,experiment5,krat,0,nan,nan,nan,0,0,0
owl_exp_pure,6a86519b5b654ec28b6a6d7077de6884,experiment5,snake,24,55.333333333333336,66.97349681301043,4485.449275362318,0.04270756191435317,0.022272476857785852,0.0004960632253806064
owl_exp_pure,6e3717f283c44b8a9c9ace1d11d2dff8,experiment5,krat,0,nan,nan,nan,0,0,0
owl_exp_pure,6e3717f283c44b8a9c9ace1d11d2dff8,experiment5,snake,29,51.06896551724138,58.046736732741465,3369.423645320197,0.03657823582539795,0.027350811963511155,0.0007480669150633449
owl_exp_pure,72b15e2c1a7641a1bf1d5beea6d65d86,experiment5,krat,0,nan,nan,nan,0,0,0
owl_exp_pure,72b15e2c1a7641a1bf1d5beea6d65d86,experiment5,snake,15,198.93333333333334,155.04997658205318,24040.495238095235,0.0294807439104674,0.024769567545734457,0.0006135314764027016
owl_exp_pure,7c741e7b2fc746c2903c535200b01b5f,experiment5,krat,0,nan,nan,nan,0,0,0
owl_exp_pure,7c741e7b2fc746c2903c535200b01b5f,experiment5,snake,21,67.66666666666667,71.07273269920985,5051.333333333333,0.03906180272751791,0.02623869328366847,0.000688469025234429
owl_exp_pure,7f852ab7c76b4521926dc981bf08ebd0,experiment5,krat,0,nan,nan,nan,0,0,0
owl_exp_pure,7f852ab7c76b4521926dc981bf08ebd0,experiment5,snake,22,82.54545454545455,105.18723771615537,11064.354978354977,0.03548817013725112,0.020639463269328532,0.0004259874440459616
owl_exp_pure,841d4f2509dd48e7b61805702ec8973c,experiment5,krat,0,nan,nan,nan,0,0,0
owl_exp_pure,841d4f2509dd48e7b61805702ec8973c,experiment5,snake,16,79.375,72.1404879384663,5204.25,0.027596223674655092,0.019556900355705606,0.0003824723515229981
owl_exp_pure,8492677e7dc74ea8994b800ca1401f73,experiment5,krat,0,nan,nan,nan,0,0,0
owl_exp_pure,8492677e7dc74ea8994b800ca1401f73,experiment5,snake,15,118.2,107.83996078846258,11629.457142857145,0.03677294289363258,0.02582596493620323,0.0006669804648859987
owl_exp_pure,860a6f3c97ae4176874ff1adee9c33ee,experiment5,krat,0,nan,nan,nan,0,0,0
owl_exp_pure,860a6f3c97ae4176874ff1adee9c33ee,experiment5,snake,13,149.07692307692307,132.65711536291695,17597.910256410258,0.01915726646909438,0.021588275050033186,0.0004660536196358853
owl_exp_pure,868a8bee5490410aaff12d20a22214a0,experiment5,krat,0,nan,nan,nan,0,0,0
owl_exp_pure,868a8bee5490410aaff12d20a22214a0,experiment5,snake,23,56.73913043478261,62.08734125942286,3854.8379446640315,0.04926363958622018,0.019407913513594034,0.000376667106951146
owl_exp_pure,87d90c54e6e244a4a1fc7a3aad9d70f2,experiment5,krat,0,nan,nan,nan,0,0,0
owl_exp_pure,87d90c54e6e244a4a1fc7a3aad9d70f2,experiment5,snake,9,114.55555555555556,144.649672580956,20923.527777777777,0.03198653198653201,0.016398145375288626,0.0002688991717490997
owl_exp_pure,91ff18acc44448149513d1f6414b55c4,experiment5,krat,0,nan,nan,nan,0,0,0
owl_exp_pure,91ff18acc44448149513d1f6414b55c4,experiment5,snake,17,61.0,94.52182287704781,8934.375,0.04105711996336995,0.021170128286665948,0.0004481743316738937
owl_exp_pure,a1e89533e9874ff1b8bebaef2aaf32f2,experiment5,krat,0,nan,nan,nan,0,0,0
owl_exp_pure,a1e89533e9874ff1b8bebaef2aaf32f2,experiment5,snake,19,90.57894736842105,81.15370587107027,6585.923976608186,0.04395783336581749,0.026879087046539685,0.0007224853204554574
owl_exp_pure,ac8985389a2f40659b599f4c8a5eba71,experiment5,krat,0,nan,nan,nan,0,0,0
owl_exp_pure,ac8985389a2f40659b599f4c8a5eba71,experiment5,snake,13,165.84615384615384,141.26679614229133,19956.307692307695,0.020230274678981353,0.023578222065432645,0.0005559325557668548
owl_exp_pure,ae16e49ef7c141c2824b6b188839f44d,experiment5,krat,0,nan,nan,nan,0,0,0
owl_exp_pure,ae16e49ef7c141c2824b6b188839f44d,experiment5,snake,21,64.19047619047619,57.68849022779071,3327.9619047619044,0.039820248851902385,0.03250502710273728,0.0010565767869496854
owl_exp_pure,ae8c4f8cc2cb452bb90d3b58fa67884c,experiment5,krat,0,nan,nan,nan,0,0,0
owl_exp_pure,ae8c4f8cc2cb452bb90d3b58fa67884c,experiment5,snake,28,60.142857142857146,62.51856867020731,3908.5714285714266,0.038942438336827166,0.03309022196074395,0.0010949627894113014
owl_exp_pure,c03a5f7773374a20a4c9549ce2723a27,experiment5,krat,0,nan,nan,nan,0,0,0
owl_exp_pure,c03a5f7773374a20a4c9549ce2723a27,experiment5,snake,15,56.86666666666667,54.731639669869026,2995.5523809523806,0.03744462025488567,0.033523696354375285,0.0011238382172603547
owl_exp_pure,c3a4a26dce814d089466772734ba6c91,experiment5,krat,0,nan,nan,nan,0,0,0
owl_exp_pure,c3a4a26dce814d089466772734ba6c91,experiment5,snake,21,66.9047619047619,73.50911832004567,5403.590476190475,0.02829149157500102,0.019475225503154205,0.0003792844083987079
owl_exp_pure,d8f06fe866c2419681d80490e06a5562,experiment5,krat,0,nan,nan,nan,0,0,0
owl_exp_pure,d8f06fe866c2419681d80490e06a5562,experiment5,snake,21,68.95238095238095,66.7491394629745,4455.447619047619,0.025917147207711554,0.017462327073749825,0.0003049328668306162
owl_exp_pure,df65fa7b17ac4b418598eb9656ed990f,experiment5,krat,0,nan,nan,nan,0,0,0
owl_exp_pure,df65fa7b17ac4b418598eb9656ed990f,experiment5,snake,17,122.11764705882354,104.56211213492988,10933.235294117649,0.030976662226662233,0.012395180868893593,0.00015364050877258572
owl_exp_pure,e1584f12923c42ed894b323be4f84df3,experiment5,krat,0,nan,nan,nan,0,0,0
owl_exp_pure,e1584f12923c42ed894b323be4f84df3,experiment5,snake,34,42.44117647058823,54.90774145146791,3014.8600713012474,0.05273332256133013,0.0335194017404778,0.0011235502930395465
owl_exp_pure,f0d0efd3fb1645a18b75e80370d14fe0,experiment5,krat,0,nan,nan,nan,0,0,0
owl_exp_pure,f0d0efd3fb1645a18b75e80370d14fe0,experiment5,snake,21,68.23809523809524,65.1251907958086,4241.290476190475,0.03500832788930678,0.03456039454826195,0.0011944208713315346
owl_exp_pure,f59b344946fa482cb45302251c2048d0,experiment5,krat,0,nan,nan,nan,0,0,0
owl_exp_pure,f59b344946fa482cb45302251c2048d0,experiment5,snake,11,83.18181818181819,82.7234164935397,6843.163636363635,0.05681214973773957,0.024289914612517713,0.0005899999518834015
owl_exp_pure,fc309d4b9fa74b76bbc13306a6d7c3c1,experiment5,krat,0,nan,nan,nan,0,0,0
owl_exp_pure,fc309d4b9fa74b76bbc13306a6d7c3c1,experiment5,snake,23,64.04347826086956,67.81356679822433,4598.679841897233,0.024509072712885015,0.02456238394168525,0.0006033107048987576
owl_exp_pure,fe76af9c1a9a4452ab1274fa7fcd805c,experiment5,krat,0,nan,nan,nan,0,0,0
owl_exp_pure,fe76af9c1a9a4452ab1274fa7fcd805c,experiment5,snake,23,55.43478260869565,60.40531741114768,3648.802371541501,0.03164410857959242,0.021794415930498565,0.00047499656575156966
owl_exp_pure,01ca88ce0f1047618f5b21c34e83653e,experiment6,krat,0,nan,nan,nan,0,0,0
owl_exp_pure,01ca88ce0f1047618f5b21c34e83653e,experiment6,snake,53,40.41509433962264,45.895128768775315,2106.3628447024676,0.06217448652403404,0.04350153058269164,0.001892383163036856
owl_exp_pure,03fb21a2d25f4904971fcb1b64f9d52b,experiment6,krat,0,nan,nan,nan,0,0,0
owl_exp_pure,03fb21a2d25f4904971fcb1b64f9d52b,experiment6,snake,42,25.452380952380953,31.22553862602664,975.0342624854818,0.08383252925935852,0.04384762190287589,0.0019226139465375613
owl_exp_pure,0c9385c5b29a45a5b8540cb11b0ebe8c,experiment6,krat,0,nan,nan,nan,0,0,0
owl_exp_pure,0c9385c5b29a45a5b8540cb11b0ebe8c,experiment6,snake,47,37.06382978723404,43.93295497505218,1930.1045328399625,0.06692878377660987,0.04326403906134605,0.0018717770759016771
owl_exp_pure,0da60fa0e7664e97a0ea26a6c2079133,experiment6,krat,0,nan,nan,nan,0,0,0
owl_exp_pure,0da60fa0e7664e97a0ea26a6c2079133,experiment6,snake,47,40.744680851063826,50.43957559604336,2544.1507863089732,0.06692944736422998,0.05217798723339323,0.0027225423517281467
owl_exp_pure,16acefd1656b4d2e9a6eaf436efc9c0d,experiment6,krat,0,nan,nan,nan,0,0,0
owl_exp_pure,16acefd1656b4d2e9a6eaf436efc9c0d,experiment6,snake,51,30.50980392156863,29.645487042057244,878.8549019607839,0.06532581917566438,0.04704908976352607,0.0022136168475763336
owl_exp_pure,185f7414092b42c88f65f27d24857430,experiment6,krat,0,nan,nan,nan,0,0,0
owl_exp_pure,185f7414092b42c88f65f27d24857430,experiment6,snake,41,55.73170731707317,47.10786791516036,2219.151219512195,0.04596602743661566,0.0428511734587978,0.001836223066795977
owl_exp_pure,21de0a315e454d2d8b1083cc4c6971eb,experiment6,krat,0,nan,nan,nan,0,0,0
owl_exp_pure,21de0a315e454d2d8b1083cc4c6971eb,experiment6,snake,39,36.12820512820513,40.472979607049005,1638.0620782726046,0.05963443591152574,0.034383578029669175,0.0011822304381223488
owl_exp_pure,22a5947e91a34d5f9984e7260e0827f6,experiment6,krat,0,nan,nan,nan,0,0,0
owl_exp_pure,22a5947e91a34d5f9984e7260e0827f6,experiment6,snake,45,33.84444444444444,39.99315598014898,1599.452525252526,0.06880808585354038,0.04574266369506794,0.002092391281920086
owl_exp_pure,2319d7f2388a4453a6ecc53e1ab26202,experiment6,krat,0,nan,nan,nan,0,0,0
owl_exp_pure,2319d7f2388a4453a6ecc53e1ab26202,experiment6,snake,58,25.189655172413794,25.432026291322458,646.7879612825167,0.06335334048386028,0.0498389315274657,0.002483919095799414
owl_exp_pure,28fb0babab0746db81d5939d31c33b00,experiment6,krat,0,nan,nan,nan,0,0,0
owl_exp_pure,28fb0babab0746db81d5939d31c33b00,experiment6,snake,54,26.333333333333332,30.02828854942532,901.6981132075477,0.058991129107666296,0.0414999094466225,0.0017222424840778671
owl_exp_pure,3b0aebb12d85414a9ba7eb12d3a05588,experiment6,krat,0,nan,nan,nan,0,0,0
owl_exp_pure,3b0aebb12d85414a9ba7eb12d3a05588,experiment6,snake,50,30.44,33.32043559996521,1110.251428571429,0.07307114654053426,0.04624169659088504,0.002138294503603469
owl_exp_pure,3c1fbd975e404738815d00f64bee089c,experiment6,krat,0,nan,nan,nan,0,0,0
owl_exp_pure,3c1fbd975e404738815d00f64bee089c,experiment6,snake,57,23.12280701754386,35.01023838793375,1225.7167919799497,0.06335060247875372,0.04292738072106588,0.0018427600155713386
owl_exp_pure,42d1d54eaf0342dc810c5dbd84399926,experiment6,krat,0,nan,nan,nan,0,0,0
owl_exp_pure,42d1d54eaf0342dc810c5dbd84399926,experiment6,snake,68,23.647058823529413,23.691905983496063,561.3064091308166,0.05758817808861707,0.04060968914989874,0.0016491468528514034
owl_exp_pure,4a7833d73eee4a7dbef929d062eac3c1,experiment6,krat,0,nan,nan,nan,0,0,0
owl_exp_pure,4a7833d73eee4a7dbef929d062eac3c1,experiment6,snake,72,19.333333333333332,23.43104958184849,549.0140845070424,0.06513378916030117,0.04352683308150689,0.0018945851981053627
owl_exp_pure,4b7039ac5b784e90982efab68a0393a3,experiment6,krat,0,nan,nan,nan,0,0,0
owl_exp_pure,4b7039ac5b784e90982efab68a0393a3,experiment6,snake,54,26.666666666666668,27.88182609541732,777.3962264150944,0.07356523886768061,0.05185659776751468,0.0026891067320218088
owl_exp_pure,4d2ed5a7345546bdbdd26d02a8c8ca9b,experiment6,krat,0,nan,nan,nan,0,0,0
owl_exp_pure,4d2ed5a7345546bdbdd26d02a8c8ca9b,experiment6,snake,53,29.339622641509433,39.91912178981705,1593.5362844702463,0.07068188222034376,0.046921141861060146,0.002201593553545731
owl_exp_pure,541ebbd638e54019ac7bb3499995c53f,experiment6,krat,0,nan,nan,nan,0,0,0
owl_exp_pure,541ebbd638e54019ac7bb3499995c53f,experiment6,snake,42,35.80952380952381,42.72729069926409,1825.6213704994195,0.0517518389469609,0.05414241321743568,0.002931400909007554
owl_exp_pure,582e488acefc4a8cbaa68368a8550486,experiment6,krat,0,nan,nan,nan,0,0,0
owl_exp_pure,582e488acefc4a8cbaa68368a8550486,experiment6,snake,51,29.88235294117647,28.876736005874026,833.8658823529413,0.053713369963369964,0.04370506343708759,0.0019101325700398505
owl_exp_pure,5b6f5e7d7e09441db15fb5399b93f971,experiment6,krat,0,nan,nan,nan,0,0,0
owl_exp_pure,5b6f5e7d7e09441db15fb5399b93f971,experiment6,snake,56,27.25,28.728984413907593,825.3545454545455,0.06778123836947367,0.04846439943254433,0.0023487980123572034
owl_exp_pure,7c2be9198c194a77aab90631a18d3d02,experiment6,krat,0,nan,nan,nan,0,0,0
owl_exp_pure,7c2be9198c194a77aab90631a18d3d02,experiment6,snake,46,33.02173913043478,30.73289163126899,944.5106280193236,0.05368927368927369,0.05289384694310049,0.0027977590444401407
owl_exp_pure,8152ed3034db4596b19c487b5fcf331e,experiment6,krat,0,nan,nan,nan,0,0,0
owl_exp_pure,8152ed3034db4596b19c487b5fcf331e,experiment6,snake,47,29.53191489361702,26.10917801632697,681.6891766882516,0.06176613241830631,0.04953372702189559,0.0024535901126796693
owl_exp_pure,8bebf593de1748cd953815de40d073b7,experiment6,krat,0,nan,nan,nan,0,0,0
owl_exp_pure,8bebf593de1748cd953815de40d073b7,experiment6,snake,50,33.24,37.605123402569085,1414.1453061224488,0.06588522521895872,0.054143298438117576,0.0029314967657590655
owl_exp_pure,8cafa483c2f34360b882c2da4a2d5357,experiment6,krat,0,nan,nan,nan,0,0,0
owl_exp_pure,8cafa483c2f34360b882c2da4a2d5357,experiment6,snake,59,22.627118644067796,26.18363420488714,685.5827001753358,0.074501326935404,0.051368069585403985,0.002638678572930906
owl_exp_pure,90eca7e7e63d4fada6a6dcd064681073,experiment6,krat,0,nan,nan,nan,0,0,0
owl_exp_pure,90eca7e7e63d4fada6a6dcd064681073,experiment6,snake,64,25.6875,25.0516133878306,627.5833333333334,0.07006194208759445,0.05346078796267482,0.0028580558495900766
owl_exp_pure,91d397604f3741a0969c3ec4873dd5de,experiment6,krat,0,nan,nan,nan,0,0,0
owl_exp_pure,91d397604f3741a0969c3ec4873dd5de,experiment6,snake,61,21.704918032786885,24.087579276669466,580.2114754098362,0.06835629640970198,0.04864615091164205,0.002366447998518253
owl_exp_pure,986a9663966e4c1e99ff82a5a994155d,experiment6,krat,0,nan,nan,nan,0,0,0
owl_exp_pure,986a9663966e4c1e99ff82a5a994155d,experiment6,snake,45,34.266666666666666,34.15832122764392,1166.790909090909,0.058261155339328734,0.05546852177729247,0.0030767569081579693
owl_exp_pure,9906acb5cbfc48e69296afb5a525d294,experiment6,krat,0,nan,nan,nan,0,0,0
owl_exp_pure,9906acb5cbfc48e69296afb5a525d294,experiment6,snake,38,35.578947368421055,43.908770027734846,1927.9800853485062,0.06243243155007862,0.045025379934370335,0.002027284838234399
owl_exp_pure,a0416e20660f465aa58c16872e6f0647,experiment6,krat,0,nan,nan,nan,0,0,0
owl_exp_pure,a0416e20660f465aa58c16872e6f0647,experiment6,snake,41,32.97560975609756,27.84285169022567,775.2243902439026,0.06093422508863684,0.049702500384388316,0.002470338544460121
owl_exp_pure,a18afc98eb0143679b372715b4168052,experiment6,krat,0,nan,nan,nan,0,0,0
owl_exp_pure,a18afc98eb0143679b372715b4168052,experiment6,snake,51,25.725490196078432,25.86896088471476,669.2031372549022,0.06404942116706824,0.05080702010629126,0.0025813532920810844
owl_exp_pure,a3cc4f079b094257a39649a0b916a1ec,experiment6,krat,0,nan,nan,nan,0,0,0
owl_exp_pure,a3cc4f079b094257a39649a0b916a1ec,experiment6,snake,42,37.07142857142857,40.5693581696784,1645.8728222996517,0.05741848220327416,0.048621425078057015,0.002364042976621112
owl_exp_pure,a7397e07bb3949a2832960d4ced0d3aa,experiment6,krat,0,nan,nan,nan,0,0,0
owl_exp_pure,a7397e07bb3949a2832960d4ced0d3aa,experiment6,snake,72,24.055555555555557,26.70384731941902,713.0954616588423,0.06497714289760684,0.05200953963538436,0.0027049922130846166
owl_exp_pure,b6486606401b45dfb36bd3273495f3f0,experiment6,krat,0,nan,nan,nan,0,0,0
owl_exp_pure,b6486606401b45dfb36bd3273495f3f0,experiment6,snake,66,26.21212121212121,32.147503863628415,1033.462004662004,0.058376879530725685,0.043936556965216374,0.0019304210379577033
owl_exp_pure,b94cec59316b4f48b96b26c6acaab592,experiment6,krat,0,nan,nan,nan,0,0,0
owl_exp_pure,b94cec59316b4f48b96b26c6acaab592,experiment6,snake,53,23.830188679245282,28.292249447682124,800.4513788098695,0.06191891944154388,0.04423281505415451,0.0019565419276150377
owl_exp_pure,bf5bb018ae9543bcb2abd3b57b142e87,experiment6,krat,0,nan,nan,nan,0,0,0
owl_exp_pure,bf5bb018ae9543bcb2abd3b57b142e87,experiment6,snake,54,26.296296296296298,37.757732997600634,1425.6464011180997,0.06302186221720071,0.04552572806233201,0.002072591915605404
owl_exp_pure,c2c1344ade974d3aa0fa8986e4734495,experiment6,krat,0,nan,nan,nan,0,0,0
owl_exp_pure,c2c1344ade974d3aa0fa8986e4734495,experiment6,snake,71,21.985915492957748,25.74961467547843,663.0426559356141,0.05923305219523706,0.047103914328001296,0.0022187787450196855
owl_exp_pure,c46f57d932a44a8f94f35f497ac2832d,experiment6,krat,0,nan,nan,nan,0,0,0
owl_exp_pure,c46f57d932a44a8f94f35f497ac2832d,experiment6,snake,54,26.962962962962962,27.728442561822018,768.8665269042627,0.06056905689477686,0.05022468250738256,0.0025225187329673796
owl_exp_pure,c4fddc4ebe6941f4b40700f7e33aba4f,experiment6,krat,0,nan,nan,nan,0,0,0
owl_exp_pure,c4fddc4ebe6941f4b40700f7e33aba4f,experiment6,snake,41,40.31707317073171,43.876211678078036,1925.1219512195112,0.06820674423615598,0.06228086795787151,0.003878906513585826
owl_exp_pure,c809d15046f14ac9b02832abb0933eaf,experiment6,krat,0,nan,nan,nan,0,0,0
owl_exp_pure,c809d15046f14ac9b02832abb0933eaf,experiment6,snake,48,34.041666666666664,40.355314624466956,1628.5514184397164,0.04682295176663135,0.04143453865033744,0.001716820993166307
owl_exp_pure,d3016e36937e4daa9164cfb432b227b9,experiment6,krat,0,nan,nan,nan,0,0,0
owl_exp_pure,d3016e36937e4daa9164cfb432b227b9,experiment6,snake,36,32.97222222222222,44.30058762016666,1962.5420634920633,0.06676609105180532,0.050965759632988494,0.0025975086549675595
owl_exp_pure,ddf33f7da517457fae1fa866b02bfe01,experiment6,krat,0,nan,nan,nan,0,0,0
owl_exp_pure,ddf33f7da517457fae1fa866b02bfe01,experiment6,snake,44,50.29545454545455,69.84087546584088,4877.747885835094,0.07596197122530911,0.055509876055162284,0.0030813463396594794
owl_exp_pure,e3a68c872cf44cb1bdf0bf7daa6d1340,experiment6,krat,0,nan,nan,nan,0,0,0
owl_exp_pure,e3a68c872cf44cb1bdf0bf7daa6d1340,experiment6,snake,46,28.434782608695652,27.87005734867364,776.7400966183575,0.06635064282123106,0.04560768279146589,0.0020800607296069737
owl_exp_pure,e690dc1ff03c46bd8792878777038aa2,experiment6,krat,0,nan,nan,nan,0,0,0
owl_exp_pure,e690dc1ff03c46bd8792878777038aa2,experiment6,snake,57,28.43859649122807,32.66716216186024,1067.1434837092734,0.056300057901948676,0.04592717417370848,0.002109305327582155
owl_exp_pure,e9ce243bacfc4fcb8df2a502819e3e76,experiment6,krat,0,nan,nan,nan,0,0,0
owl_exp_pure,e9ce243bacfc4fcb8df2a502819e3e76,experiment6,snake,52,35.25,45.01933135974402,2026.7401960784314,0.06974916663497978,0.05233574387092336,0.002739030086522892
owl_exp_pure,eae3d7b369674b1ab5d52599a1d9e50b,experiment6,krat,0,nan,nan,nan,0,0,0
owl_exp_pure,eae3d7b369674b1ab5d52599a1d9e50b,experiment6,snake,38,33.473684210526315,40.47671125014125,1638.3641536273115,0.06073578426519599,0.03223121585234112,0.0010388512753202058
owl_exp_pure,ecc6e0af37c84b4ab8ae6d84430a291c,experiment6,krat,0,nan,nan,nan,0,0,0
owl_exp_pure,ecc6e0af37c84b4ab8ae6d84430a291c,experiment6,snake,57,19.333333333333332,24.441864943264083,597.4047619047618,0.07785027472527473,0.048190763130210534,0.0023223496510720587
owl_exp_pure,f1db0c33e5104cfa8f43ebec6c39231f,experiment6,krat,0,nan,nan,nan,0,0,0
owl_exp_pure,f1db0c33e5104cfa8f43ebec6c39231f,experiment6,snake,44,36.61363636363637,35.70109496665589,1274.5681818181822,0.053281169355040785,0.052556770778912826,0.002762214154707185
owl_exp_pure,f45ed490fd01466a81aba4c0fe802645,experiment6,krat,0,nan,nan,nan,0,0,0
owl_exp_pure,f45ed490fd01466a81aba4c0fe802645,experiment6,snake,46,33.30434782608695,33.774987171782996,1140.749758454106,0.06484587403576048,0.046875165868439934,0.002197281175193756
owl_exp_pure,fa1ec34e687d4fae9ec6fb611fb6447a,experiment6,krat,0,nan,nan,nan,0,0,0
owl_exp_pure,fa1ec34e687d4fae9ec6fb611fb6447a,experiment6,snake,44,27.681818181818183,28.696302919862326,823.4778012684991,0.07607686611034584,0.044214627237730036,0.0019549332617714186
owl_exp_pure,fc2b0932b40649848666625f76bf5163,experiment6,krat,0,nan,nan,nan,0,0,0
owl_exp_pure,fc2b0932b40649848666625f76bf5163,experiment6,snake,65,26.384615384615383,30.050838334651903,903.0528846153844,0.06261211718654153,0.04296805574566018,0.0018462538145621603
owl_exp_pure,fd6f8c6db4114f009debc1ada64d59fd,experiment6,krat,0,nan,nan,nan,0,0,0
owl_exp_pure,fd6f8c6db4114f009debc1ada64d59fd,experiment6,snake,44,32.75,27.397271125356244,750.6104651162791,0.04227996505698286,0.03128811568380536,0.0009789461830431868
